block_time,project/addresss,eth_price,usd_price,link,platform,seller,buyer
2022-07-28T13:02:22+00:00,ArtBlocks,2.40,,"<a href=""https://opensea.io/assets/0xa7d8d9ef8d8ce8992df33d8b8cf4aebabd5bd270/328000268/?ref=0x8F903cFC0Af3C2EC0d872c57538AF5e071544a57"" target=""_blank"" >View on OS</a>",OpenSea,\x43c7c,\x6b6ae
2022-07-27T18:17:13+00:00,ArtBlocks,1.15,1771.575,"<a href=""https://opensea.io/assets/0xa7d8d9ef8d8ce8992df33d8b8cf4aebabd5bd270/328000064/?ref=0x8F903cFC0Af3C2EC0d872c57538AF5e071544a57"" target=""_blank"" >View on OS</a>",OpenSea,\x32615,\x26d7b
2022-07-27T18:16:26+00:00,ArtBlocks,1.20,1848.6,"<a href=""https://opensea.io/assets/0xa7d8d9ef8d8ce8992df33d8b8cf4aebabd5bd270/328000254/?ref=0x8F903cFC0Af3C2EC0d872c57538AF5e071544a57"" target=""_blank"" >View on OS</a>",OpenSea,\x32615,\x02623
2022-07-27T18:13:59+00:00,ArtBlocks,1.10,1688.25083,"<a href=""https://opensea.io/assets/0xa7d8d9ef8d8ce8992df33d8b8cf4aebabd5bd270/328000118/?ref=0x8F903cFC0Af3C2EC0d872c57538AF5e071544a57"" target=""_blank"" >View on OS</a>",OpenSea,\x0c4a9,\xfd220
2022-07-27T18:13:35+00:00,ArtBlocks,8.00,12289.36,"<a href=""https://opensea.io/assets/0xa7d8d9ef8d8ce8992df33d8b8cf4aebabd5bd270/328000174/?ref=0x8F903cFC0Af3C2EC0d872c57538AF5e071544a57"" target=""_blank"" >View on OS</a>",OpenSea,\xfaff9,\xfd220
2022-07-27T18:05:45+00:00,ArtBlocks,1.60,2427.056,"<a href=""https://opensea.io/assets/0xa7d8d9ef8d8ce8992df33d8b8cf4aebabd5bd270/328000273/?ref=0x8F903cFC0Af3C2EC0d872c57538AF5e071544a57"" target=""_blank"" >View on OS</a>",OpenSea,\xdc295,\x48654
2022-07-26T22:34:15+00:00,ArtBlocks,1.00,1404.64,"<a href=""https://opensea.io/assets/0xa7d8d9ef8d8ce8992df33d8b8cf4aebabd5bd270/328000201/?ref=0x8F903cFC0Af3C2EC0d872c57538AF5e071544a57"" target=""_blank"" >View on OS</a>",OpenSea,\x84154,\x73e60
2022-07-22T19:37:05+00:00,ArtBlocks,1.63,2538.8717,"<a href=""https://opensea.io/assets/0xa7d8d9ef8d8ce8992df33d8b8cf4aebabd5bd270/328000008/?ref=0x8F903cFC0Af3C2EC0d872c57538AF5e071544a57"" target=""_blank"" >View on OS</a>",OpenSea,\xeb86e,\x6a862
2022-07-21T21:45:55+00:00,ArtBlocks,1.59,2515.5708,"<a href=""https://opensea.io/assets/0xa7d8d9ef8d8ce8992df33d8b8cf4aebabd5bd270/328000357/?ref=0x8F903cFC0Af3C2EC0d872c57538AF5e071544a57"" target=""_blank"" >View on OS</a>",OpenSea,\x54aec,\x4ad36
2022-07-21T21:45:49+00:00,ArtBlocks,1.50,2373.18,"<a href=""https://opensea.io/assets/0xa7d8d9ef8d8ce8992df33d8b8cf4aebabd5bd270/328000358/?ref=0x8F903cFC0Af3C2EC0d872c57538AF5e071544a57"" target=""_blank"" >View on OS</a>",OpenSea,\x730ab,\x4ad36
2022-07-21T21:41:02+00:00,ArtBlocks,1.69,2673.7828,"<a href=""https://opensea.io/assets/0xa7d8d9ef8d8ce8992df33d8b8cf4aebabd5bd270/328000107/?ref=0x8F903cFC0Af3C2EC0d872c57538AF5e071544a57"" target=""_blank"" >View on OS</a>",OpenSea,\x8814c,\x701c4
2022-07-21T21:40:35+00:00,ArtBlocks,1.45,2295.959,"<a href=""https://opensea.io/assets/0xa7d8d9ef8d8ce8992df33d8b8cf4aebabd5bd270/328000012/?ref=0x8F903cFC0Af3C2EC0d872c57538AF5e071544a57"" target=""_blank"" >View on OS</a>",OpenSea,\xee956,\x701c4
2022-07-21T16:57:06+00:00,ArtBlocks,1.40,2178.176,"<a href=""https://opensea.io/assets/0xa7d8d9ef8d8ce8992df33d8b8cf4aebabd5bd270/328000281/?ref=0x8F903cFC0Af3C2EC0d872c57538AF5e071544a57"" target=""_blank"" >View on OS</a>",OpenSea,\x61975,\xfe285
2022-07-19T21:00:56+00:00,ArtBlocks,1.80,2798.748,"<a href=""https://opensea.io/assets/0xa7d8d9ef8d8ce8992df33d8b8cf4aebabd5bd270/328000268/?ref=0x8F903cFC0Af3C2EC0d872c57538AF5e071544a57"" target=""_blank"" >View on OS</a>",OpenSea,\x96c2f,\x43c7c
2022-07-18T03:34:59+00:00,ArtBlocks,1.89,2663.6904,"<a href=""https://opensea.io/assets/0xa7d8d9ef8d8ce8992df33d8b8cf4aebabd5bd270/328000283/?ref=0x8F903cFC0Af3C2EC0d872c57538AF5e071544a57"" target=""_blank"" >View on OS</a>",OpenSea,\xcc80a,\x536c9
2022-07-16T12:58:52+00:00,ArtBlocks,2.20,2663.232,"<a href=""https://opensea.io/assets/0xa7d8d9ef8d8ce8992df33d8b8cf4aebabd5bd270/328000009/?ref=0x8F903cFC0Af3C2EC0d872c57538AF5e071544a57"" target=""_blank"" >View on OS</a>",OpenSea,\x3612b,\x05066
2022-07-16T12:48:50+00:00,ArtBlocks,2.49,2994.2997,"<a href=""https://opensea.io/assets/0xa7d8d9ef8d8ce8992df33d8b8cf4aebabd5bd270/328000185/?ref=0x8F903cFC0Af3C2EC0d872c57538AF5e071544a57"" target=""_blank"" >View on OS</a>",OpenSea,\x8dbbc,\x05066
2022-07-16T03:01:47+00:00,ArtBlocks,2.99,3639.129,"<a href=""https://opensea.io/assets/0xa7d8d9ef8d8ce8992df33d8b8cf4aebabd5bd270/328000069/?ref=0x8F903cFC0Af3C2EC0d872c57538AF5e071544a57"" target=""_blank"" >View on OS</a>",OpenSea,\x6daee,\x73e60
2022-07-16T02:57:29+00:00,ArtBlocks,5.00,6084.85,"<a href=""https://opensea.io/assets/0xa7d8d9ef8d8ce8992df33d8b8cf4aebabd5bd270/328000077/?ref=0x8F903cFC0Af3C2EC0d872c57538AF5e071544a57"" target=""_blank"" >View on OS</a>",OpenSea,\x89add,\xe7dae
2022-07-16T01:36:32+00:00,ArtBlocks,2.25,2740.815,"<a href=""https://opensea.io/assets/0xa7d8d9ef8d8ce8992df33d8b8cf4aebabd5bd270/328000292/?ref=0x8F903cFC0Af3C2EC0d872c57538AF5e071544a57"" target=""_blank"" >View on OS</a>",OpenSea,\x23275,\x7a7d3
2022-07-16T01:35:16+00:00,ArtBlocks,2.20,2678.94,"<a href=""https://opensea.io/assets/0xa7d8d9ef8d8ce8992df33d8b8cf4aebabd5bd270/328000031/?ref=0x8F903cFC0Af3C2EC0d872c57538AF5e071544a57"" target=""_blank"" >View on OS</a>",OpenSea,\xb540d,\x7a7d3
2022-07-15T18:43:12+00:00,ArtBlocks,2.40,2957.84705,"<a href=""https://opensea.io/assets/0xa7d8d9ef8d8ce8992df33d8b8cf4aebabd5bd270/328000297/?ref=0x8F903cFC0Af3C2EC0d872c57538AF5e071544a57"" target=""_blank"" >View on OS</a>",OpenSea,\x9ad82,\x37bcd
2022-07-15T18:33:55+00:00,ArtBlocks,2.20,2692.756,"<a href=""https://opensea.io/assets/0xa7d8d9ef8d8ce8992df33d8b8cf4aebabd5bd270/328000243/?ref=0x8F903cFC0Af3C2EC0d872c57538AF5e071544a57"" target=""_blank"" >View on OS</a>",OpenSea,\xc4ad5,\xeb369
2022-07-15T16:42:52+00:00,ArtBlocks,2.15,2604.0585,"<a href=""https://opensea.io/assets/0xa7d8d9ef8d8ce8992df33d8b8cf4aebabd5bd270/328000382/?ref=0x8F903cFC0Af3C2EC0d872c57538AF5e071544a57"" target=""_blank"" >View on OS</a>",OpenSea,\x30f24,\x2ad5a
2022-07-15T16:08:51+00:00,ArtBlocks,2.20,2695.77,"<a href=""https://opensea.io/assets/0xa7d8d9ef8d8ce8992df33d8b8cf4aebabd5bd270/328000100/?ref=0x8F903cFC0Af3C2EC0d872c57538AF5e071544a57"" target=""_blank"" >View on OS</a>",OpenSea,\xf4094,\x0a766
2022-07-15T15:48:34+00:00,ArtBlocks,1.99,2446.705,"<a href=""https://opensea.io/assets/0xa7d8d9ef8d8ce8992df33d8b8cf4aebabd5bd270/328000358/?ref=0x8F903cFC0Af3C2EC0d872c57538AF5e071544a57"" target=""_blank"" >View on OS</a>",OpenSea,\x10fe1,\x730ab
2022-07-15T15:37:05+00:00,ArtBlocks,1.99,2441.7897,"<a href=""https://opensea.io/assets/0xa7d8d9ef8d8ce8992df33d8b8cf4aebabd5bd270/328000105/?ref=0x8F903cFC0Af3C2EC0d872c57538AF5e071544a57"" target=""_blank"" >View on OS</a>",OpenSea,\xc0b9f,\xf19f6
2022-07-15T15:36:39+00:00,ArtBlocks,2.22,2724.0066,"<a href=""https://opensea.io/assets/0xa7d8d9ef8d8ce8992df33d8b8cf4aebabd5bd270/328000270/?ref=0x8F903cFC0Af3C2EC0d872c57538AF5e071544a57"" target=""_blank"" >View on OS</a>",OpenSea,\xf0cb5,\x23787
2022-07-15T15:31:06+00:00,ArtBlocks,2.00,2453.7,"<a href=""https://opensea.io/assets/0xa7d8d9ef8d8ce8992df33d8b8cf4aebabd5bd270/328000160/?ref=0x8F903cFC0Af3C2EC0d872c57538AF5e071544a57"" target=""_blank"" >View on OS</a>",OpenSea,\x49c08,\xa35e9
2022-07-15T15:28:46+00:00,ArtBlocks,2.50,3067.475,"<a href=""https://opensea.io/assets/0xa7d8d9ef8d8ce8992df33d8b8cf4aebabd5bd270/328000260/?ref=0x8F903cFC0Af3C2EC0d872c57538AF5e071544a57"" target=""_blank"" >View on OS</a>",OpenSea,\xa3fd5,\x53dda
2022-07-15T15:27:43+00:00,ArtBlocks,2.00,2453.98,"<a href=""https://opensea.io/assets/0xa7d8d9ef8d8ce8992df33d8b8cf4aebabd5bd270/328000309/?ref=0x8F903cFC0Af3C2EC0d872c57538AF5e071544a57"" target=""_blank"" >View on OS</a>",OpenSea,\xc3539,\x53dda
2022-07-15T15:22:44+00:00,ArtBlocks,2.15,2640.8665,"<a href=""https://opensea.io/assets/0xa7d8d9ef8d8ce8992df33d8b8cf4aebabd5bd270/328000155/?ref=0x8F903cFC0Af3C2EC0d872c57538AF5e071544a57"" target=""_blank"" >View on OS</a>",OpenSea,\xa9995,\xfff42
2022-07-15T15:22:17+00:00,ArtBlocks,1.95,2395.2045,"<a href=""https://opensea.io/assets/0xa7d8d9ef8d8ce8992df33d8b8cf4aebabd5bd270/328000052/?ref=0x8F903cFC0Af3C2EC0d872c57538AF5e071544a57"" target=""_blank"" >View on OS</a>",OpenSea,\xc3d6e,\x68665
2022-07-15T15:21:29+00:00,ArtBlocks,2.10,2579.451,"<a href=""https://opensea.io/assets/0xa7d8d9ef8d8ce8992df33d8b8cf4aebabd5bd270/328000286/?ref=0x8F903cFC0Af3C2EC0d872c57538AF5e071544a57"" target=""_blank"" >View on OS</a>",OpenSea,\x394f4,\x13d33
2022-07-15T15:20:13+00:00,ArtBlocks,1.99,2443.7797,"<a href=""https://opensea.io/assets/0xa7d8d9ef8d8ce8992df33d8b8cf4aebabd5bd270/328000223/?ref=0x8F903cFC0Af3C2EC0d872c57538AF5e071544a57"" target=""_blank"" >View on OS</a>",OpenSea,\x830cc,\x53dda
2022-07-15T15:19:33+00:00,ArtBlocks,1.69,2075.3707,"<a href=""https://opensea.io/assets/0xa7d8d9ef8d8ce8992df33d8b8cf4aebabd5bd270/328000012/?ref=0x8F903cFC0Af3C2EC0d872c57538AF5e071544a57"" target=""_blank"" >View on OS</a>",OpenSea,\x7e58d,\xee956
2022-07-15T15:18:19+00:00,ArtBlocks,2.00,2456.06,"<a href=""https://opensea.io/assets/0xa7d8d9ef8d8ce8992df33d8b8cf4aebabd5bd270/328000234/?ref=0x8F903cFC0Af3C2EC0d872c57538AF5e071544a57"" target=""_blank"" >View on OS</a>",OpenSea,\x514ce,\x13d33
2022-07-15T12:52:19+00:00,ArtBlocks,1.65,2021.4975,"<a href=""https://opensea.io/assets/0xa7d8d9ef8d8ce8992df33d8b8cf4aebabd5bd270/328000294/?ref=0x8F903cFC0Af3C2EC0d872c57538AF5e071544a57"" target=""_blank"" >View on OS</a>",OpenSea,\x26f92,\xf19f6
2022-07-15T09:22:13+00:00,ArtBlocks,1.60,1950.352,"<a href=""https://opensea.io/assets/0xa7d8d9ef8d8ce8992df33d8b8cf4aebabd5bd270/328000282/?ref=0x8F903cFC0Af3C2EC0d872c57538AF5e071544a57"" target=""_blank"" >View on OS</a>",OpenSea,\x61975,\x4dd5a
2022-07-15T03:30:39+00:00,ArtBlocks,2.50,2989.5,"<a href=""https://opensea.io/assets/0xa7d8d9ef8d8ce8992df33d8b8cf4aebabd5bd270/328000247/?ref=0x8F903cFC0Af3C2EC0d872c57538AF5e071544a57"" target=""_blank"" >View on OS</a>",OpenSea,\x26f92,\xea972
2022-07-14T11:06:58+00:00,ArtBlocks,1.45,1577.00466,"<a href=""https://opensea.io/assets/0xa7d8d9ef8d8ce8992df33d8b8cf4aebabd5bd270/328000360/?ref=0x8F903cFC0Af3C2EC0d872c57538AF5e071544a57"" target=""_blank"" >View on OS</a>",OpenSea,\x48458,\x13a0a
2022-07-14T04:19:35+00:00,ArtBlocks,1.89,2105.8569,"<a href=""https://opensea.io/assets/0xa7d8d9ef8d8ce8992df33d8b8cf4aebabd5bd270/328000314/?ref=0x8F903cFC0Af3C2EC0d872c57538AF5e071544a57"" target=""_blank"" >View on OS</a>",OpenSea,\xddeae,\xf86a5
2022-07-13T21:00:01+00:00,ArtBlocks,1.58,1703.161,"<a href=""https://opensea.io/assets/0xa7d8d9ef8d8ce8992df33d8b8cf4aebabd5bd270/328000296/?ref=0x8F903cFC0Af3C2EC0d872c57538AF5e071544a57"" target=""_blank"" >View on OS</a>",OpenSea,\x9837c,\x837b2
2022-07-13T20:10:11+00:00,ArtBlocks,1.55,1668.2805,"<a href=""https://opensea.io/assets/0xa7d8d9ef8d8ce8992df33d8b8cf4aebabd5bd270/328000353/?ref=0x8F903cFC0Af3C2EC0d872c57538AF5e071544a57"" target=""_blank"" >View on OS</a>",OpenSea,\x00d29,\xb3c2b
2022-07-13T18:31:24+00:00,ArtBlocks,1.65,1793.616,"<a href=""https://opensea.io/assets/0xa7d8d9ef8d8ce8992df33d8b8cf4aebabd5bd270/328000049/?ref=0x8F903cFC0Af3C2EC0d872c57538AF5e071544a57"" target=""_blank"" >View on OS</a>",OpenSea,\xd6970,\x8edaa
2022-07-13T06:58:36+00:00,ArtBlocks,1.50,1589.175,"<a href=""https://opensea.io/assets/0xa7d8d9ef8d8ce8992df33d8b8cf4aebabd5bd270/328000252/?ref=0x8F903cFC0Af3C2EC0d872c57538AF5e071544a57"" target=""_blank"" >View on OS</a>",OpenSea,\x1c382,\x4f749
2022-07-13T03:48:52+00:00,ArtBlocks,1.50,1580.73,"<a href=""https://opensea.io/assets/0xa7d8d9ef8d8ce8992df33d8b8cf4aebabd5bd270/328000108/?ref=0x8F903cFC0Af3C2EC0d872c57538AF5e071544a57"" target=""_blank"" >View on OS</a>",OpenSea,\x1c382,\x2c18a
2022-07-12T02:48:38+00:00,ArtBlocks,1.50,1640.01,"<a href=""https://opensea.io/assets/0xa7d8d9ef8d8ce8992df33d8b8cf4aebabd5bd270/328000045/?ref=0x8F903cFC0Af3C2EC0d872c57538AF5e071544a57"" target=""_blank"" >View on OS</a>",OpenSea,\xa07b8,\xa07a6
2022-07-11T16:41:58+00:00,ArtBlocks,1.79,2057.3365,"<a href=""https://opensea.io/assets/0xa7d8d9ef8d8ce8992df33d8b8cf4aebabd5bd270/328000065/?ref=0x8F903cFC0Af3C2EC0d872c57538AF5e071544a57"" target=""_blank"" >View on OS</a>",OpenSea,\x9ffde,\xa07a6
2022-07-11T15:59:54+00:00,ArtBlocks,1.89,2158.3611,"<a href=""https://opensea.io/assets/0xa7d8d9ef8d8ce8992df33d8b8cf4aebabd5bd270/328000391/?ref=0x8F903cFC0Af3C2EC0d872c57538AF5e071544a57"" target=""_blank"" >View on OS</a>",OpenSea,\x83f61,\xa07a6
2022-07-10T14:49:29+00:00,ArtBlocks,1.89,2198.0511,"<a href=""https://opensea.io/assets/0xa7d8d9ef8d8ce8992df33d8b8cf4aebabd5bd270/328000231/?ref=0x8F903cFC0Af3C2EC0d872c57538AF5e071544a57"" target=""_blank"" >View on OS</a>",OpenSea,\xe1994,\x6a862
2022-07-10T14:33:11+00:00,ArtBlocks,1.70,1982.421,"<a href=""https://opensea.io/assets/0xa7d8d9ef8d8ce8992df33d8b8cf4aebabd5bd270/328000166/?ref=0x8F903cFC0Af3C2EC0d872c57538AF5e071544a57"" target=""_blank"" >View on OS</a>",OpenSea,\xcb1dd,\x701c4
2022-07-10T14:20:48+00:00,ArtBlocks,1.75,2046.765,"<a href=""https://opensea.io/assets/0xa7d8d9ef8d8ce8992df33d8b8cf4aebabd5bd270/328000206/?ref=0x8F903cFC0Af3C2EC0d872c57538AF5e071544a57"" target=""_blank"" >View on OS</a>",OpenSea,\xfa4e9,\xa07a6
2022-07-10T05:09:54+00:00,ArtBlocks,2.22,2648.1492,"<a href=""https://opensea.io/assets/0xa7d8d9ef8d8ce8992df33d8b8cf4aebabd5bd270/328000295/?ref=0x8F903cFC0Af3C2EC0d872c57538AF5e071544a57"" target=""_blank"" >View on OS</a>",OpenSea,\xe3a80,\x7521a
2022-07-10T04:25:39+00:00,ArtBlocks,1.70,2020.382,"<a href=""https://opensea.io/assets/0xa7d8d9ef8d8ce8992df33d8b8cf4aebabd5bd270/328000201/?ref=0x8F903cFC0Af3C2EC0d872c57538AF5e071544a57"" target=""_blank"" >View on OS</a>",OpenSea,\x4a9d2,\x84154
2022-07-10T01:57:38+00:00,ArtBlocks,1.66,2017.7632,"<a href=""https://opensea.io/assets/0xa7d8d9ef8d8ce8992df33d8b8cf4aebabd5bd270/328000109/?ref=0x8F903cFC0Af3C2EC0d872c57538AF5e071544a57"" target=""_blank"" >View on OS</a>",OpenSea,\x26d7b,\xdf788
2022-07-09T17:27:46+00:00,ArtBlocks,1.75,2140.285,"<a href=""https://opensea.io/assets/0xa7d8d9ef8d8ce8992df33d8b8cf4aebabd5bd270/328000310/?ref=0x8F903cFC0Af3C2EC0d872c57538AF5e071544a57"" target=""_blank"" >View on OS</a>",OpenSea,\xa4ded,\xa07a6
2022-07-09T15:05:36+00:00,ArtBlocks,1.85,2249.6925,"<a href=""https://opensea.io/assets/0xa7d8d9ef8d8ce8992df33d8b8cf4aebabd5bd270/328000244/?ref=0x8F903cFC0Af3C2EC0d872c57538AF5e071544a57"" target=""_blank"" >View on OS</a>",OpenSea,\xa4ded,\xe436c
2022-07-09T08:40:03+00:00,ArtBlocks,1.89,2311.4511,"<a href=""https://opensea.io/assets/0xa7d8d9ef8d8ce8992df33d8b8cf4aebabd5bd270/328000400/?ref=0x8F903cFC0Af3C2EC0d872c57538AF5e071544a57"" target=""_blank"" >View on OS</a>",OpenSea,\xcc490,\xcecfb
2022-07-08T18:39:15+00:00,ArtBlocks,1.85,2271.7854,"<a href=""https://opensea.io/assets/0xa7d8d9ef8d8ce8992df33d8b8cf4aebabd5bd270/328000168/?ref=0x8F903cFC0Af3C2EC0d872c57538AF5e071544a57"" target=""_blank"" >View on OS</a>",OpenSea,\xe81c0,\x701c4
2022-07-08T08:49:43+00:00,ArtBlocks,1.90,2342.985,"<a href=""https://opensea.io/assets/0xa7d8d9ef8d8ce8992df33d8b8cf4aebabd5bd270/328000166/?ref=0x8F903cFC0Af3C2EC0d872c57538AF5e071544a57"" target=""_blank"" >View on OS</a>",OpenSea,\x60488,\xcb1dd
2022-07-08T03:15:26+00:00,ArtBlocks,1.88,2356.8808,"<a href=""https://opensea.io/assets/0xa7d8d9ef8d8ce8992df33d8b8cf4aebabd5bd270/328000348/?ref=0x8F903cFC0Af3C2EC0d872c57538AF5e071544a57"" target=""_blank"" >View on OS</a>",OpenSea,\x9ad82,\x1119e
2022-07-07T18:45:28+00:00,ArtBlocks,2.00,2459.1,"<a href=""https://opensea.io/assets/0xa7d8d9ef8d8ce8992df33d8b8cf4aebabd5bd270/328000230/?ref=0x8F903cFC0Af3C2EC0d872c57538AF5e071544a57"" target=""_blank"" >View on OS</a>",OpenSea,\xe1994,\x58f73
2022-07-07T15:15:41+00:00,ArtBlocks,1.20,1462.776,"<a href=""https://opensea.io/assets/0xa7d8d9ef8d8ce8992df33d8b8cf4aebabd5bd270/328000146/?ref=0x8F903cFC0Af3C2EC0d872c57538AF5e071544a57"" target=""_blank"" >View on OS</a>",LooksRare,\xa79b0,\x0289b
2022-07-07T14:59:33+00:00,ArtBlocks,1.98,2425.81696,"<a href=""https://opensea.io/assets/0xa7d8d9ef8d8ce8992df33d8b8cf4aebabd5bd270/328000254/?ref=0x8F903cFC0Af3C2EC0d872c57538AF5e071544a57"" target=""_blank"" >View on OS</a>",OpenSea,\xd02d1,\x32615
2022-07-07T14:34:53+00:00,ArtBlocks,2.86,3471.48357,"<a href=""https://opensea.io/assets/0xa7d8d9ef8d8ce8992df33d8b8cf4aebabd5bd270/328000268/?ref=0x8F903cFC0Af3C2EC0d872c57538AF5e071544a57"" target=""_blank"" >View on OS</a>",OpenSea,\x47c2a,\x96c2f
2022-07-07T14:31:39+00:00,ArtBlocks,2.00,2428.46,"<a href=""https://opensea.io/assets/0xa7d8d9ef8d8ce8992df33d8b8cf4aebabd5bd270/328000233/?ref=0x8F903cFC0Af3C2EC0d872c57538AF5e071544a57"" target=""_blank"" >View on OS</a>",OpenSea,\xe1994,\x48654
2022-07-07T13:48:31+00:00,ArtBlocks,1.99,2379.2241,"<a href=""https://opensea.io/assets/0xa7d8d9ef8d8ce8992df33d8b8cf4aebabd5bd270/328000170/?ref=0x8F903cFC0Af3C2EC0d872c57538AF5e071544a57"" target=""_blank"" >View on OS</a>",OpenSea,\x3612b,\x7836a
2022-07-07T12:41:09+00:00,ArtBlocks,1.12,1325.9792,"<a href=""https://opensea.io/assets/0xa7d8d9ef8d8ce8992df33d8b8cf4aebabd5bd270/328000245/?ref=0x8F903cFC0Af3C2EC0d872c57538AF5e071544a57"" target=""_blank"" >View on OS</a>",LooksRare,\x34c83,\x0289b
2022-07-07T10:21:22+00:00,ArtBlocks,2.00,2366.66,"<a href=""https://opensea.io/assets/0xa7d8d9ef8d8ce8992df33d8b8cf4aebabd5bd270/328000359/?ref=0x8F903cFC0Af3C2EC0d872c57538AF5e071544a57"" target=""_blank"" >View on OS</a>",OpenSea,\x259f9,\xc31f9
2022-07-07T08:13:06+00:00,ArtBlocks,2.00,2353.04,"<a href=""https://opensea.io/assets/0xa7d8d9ef8d8ce8992df33d8b8cf4aebabd5bd270/328000064/?ref=0x8F903cFC0Af3C2EC0d872c57538AF5e071544a57"" target=""_blank"" >View on OS</a>",OpenSea,\xcc4d0,\x32615
2022-07-07T07:25:39+00:00,ArtBlocks,2.00,2338.6,"<a href=""https://opensea.io/assets/0xa7d8d9ef8d8ce8992df33d8b8cf4aebabd5bd270/328000219/?ref=0x8F903cFC0Af3C2EC0d872c57538AF5e071544a57"" target=""_blank"" >View on OS</a>",OpenSea,\x4a9d2,\x3e56e
2022-07-07T06:51:01+00:00,ArtBlocks,1.98,2309.2146,"<a href=""https://opensea.io/assets/0xa7d8d9ef8d8ce8992df33d8b8cf4aebabd5bd270/328000300/?ref=0x8F903cFC0Af3C2EC0d872c57538AF5e071544a57"" target=""_blank"" >View on OS</a>",OpenSea,\x17617,\x24a5f
2022-07-07T04:23:07+00:00,ArtBlocks,2.00,2342.46,"<a href=""https://opensea.io/assets/0xa7d8d9ef8d8ce8992df33d8b8cf4aebabd5bd270/328000361/?ref=0x8F903cFC0Af3C2EC0d872c57538AF5e071544a57"" target=""_blank"" >View on OS</a>",OpenSea,\xcd949,\x074a8
2022-07-07T04:19:02+00:00,ArtBlocks,2.00,2340.32,"<a href=""https://opensea.io/assets/0xa7d8d9ef8d8ce8992df33d8b8cf4aebabd5bd270/328000226/?ref=0x8F903cFC0Af3C2EC0d872c57538AF5e071544a57"" target=""_blank"" >View on OS</a>",OpenSea,\x61975,\x8964e
2022-07-07T04:08:17+00:00,ArtBlocks,2.10,2468.592,"<a href=""https://opensea.io/assets/0xa7d8d9ef8d8ce8992df33d8b8cf4aebabd5bd270/328000016/?ref=0x8F903cFC0Af3C2EC0d872c57538AF5e071544a57"" target=""_blank"" >View on OS</a>",OpenSea,\xa3668,\xa5430
2022-07-07T04:04:56+00:00,ArtBlocks,2.00,2349.06,"<a href=""https://opensea.io/assets/0xa7d8d9ef8d8ce8992df33d8b8cf4aebabd5bd270/328000315/?ref=0x8F903cFC0Af3C2EC0d872c57538AF5e071544a57"" target=""_blank"" >View on OS</a>",OpenSea,\xdd6d3,\xe2b1f
2022-07-07T03:01:51+00:00,ArtBlocks,1.90,2224.216,"<a href=""https://opensea.io/assets/0xa7d8d9ef8d8ce8992df33d8b8cf4aebabd5bd270/328000311/?ref=0x8F903cFC0Af3C2EC0d872c57538AF5e071544a57"" target=""_blank"" >View on OS</a>",OpenSea,\x26d7b,\x2c18a
2022-07-06T23:18:12+00:00,ArtBlocks,1.83,2187.4356,"<a href=""https://opensea.io/assets/0xa7d8d9ef8d8ce8992df33d8b8cf4aebabd5bd270/328000071/?ref=0x8F903cFC0Af3C2EC0d872c57538AF5e071544a57"" target=""_blank"" >View on OS</a>",OpenSea,\x514ce,\x53dda
2022-07-06T22:50:09+00:00,ArtBlocks,1.94,2306.854,"<a href=""https://opensea.io/assets/0xa7d8d9ef8d8ce8992df33d8b8cf4aebabd5bd270/328000051/?ref=0x8F903cFC0Af3C2EC0d872c57538AF5e071544a57"" target=""_blank"" >View on OS</a>",OpenSea,\x10dfe,\x73e60
2022-07-06T21:46:59+00:00,ArtBlocks,1.87,2165.5161,"<a href=""https://opensea.io/assets/0xa7d8d9ef8d8ce8992df33d8b8cf4aebabd5bd270/328000379/?ref=0x8F903cFC0Af3C2EC0d872c57538AF5e071544a57"" target=""_blank"" >View on OS</a>",OpenSea,\xcd949,\xb9da9
2022-07-06T11:08:48+00:00,ArtBlocks,1.75,1989.0557,"<a href=""https://opensea.io/assets/0xa7d8d9ef8d8ce8992df33d8b8cf4aebabd5bd270/328000236/?ref=0x8F903cFC0Af3C2EC0d872c57538AF5e071544a57"" target=""_blank"" >View on OS</a>",OpenSea,\x1057b,\x18b00
2022-07-06T04:35:44+00:00,ArtBlocks,1.72,1956.0528,"<a href=""https://opensea.io/assets/0xa7d8d9ef8d8ce8992df33d8b8cf4aebabd5bd270/328000259/?ref=0x8F903cFC0Af3C2EC0d872c57538AF5e071544a57"" target=""_blank"" >View on OS</a>",OpenSea,\xf2646,\x2c18a
2022-07-06T00:40:34+00:00,ArtBlocks,1.60,1813.2,"<a href=""https://opensea.io/assets/0xa7d8d9ef8d8ce8992df33d8b8cf4aebabd5bd270/328000234/?ref=0x8F903cFC0Af3C2EC0d872c57538AF5e071544a57"" target=""_blank"" >View on OS</a>",OpenSea,\x96c2f,\x514ce
2022-07-06T00:40:09+00:00,ArtBlocks,1.59,1801.8675,"<a href=""https://opensea.io/assets/0xa7d8d9ef8d8ce8992df33d8b8cf4aebabd5bd270/328000249/?ref=0x8F903cFC0Af3C2EC0d872c57538AF5e071544a57"" target=""_blank"" >View on OS</a>",OpenSea,\xc332f,\x514ce
2022-07-05T13:27:21+00:00,ArtBlocks,1.55,1698.3195,"<a href=""https://opensea.io/assets/0xa7d8d9ef8d8ce8992df33d8b8cf4aebabd5bd270/328000272/?ref=0x8F903cFC0Af3C2EC0d872c57538AF5e071544a57"" target=""_blank"" >View on OS</a>",OpenSea,\x41e67,\xa7fdf
2022-07-05T08:21:06+00:00,ArtBlocks,1.60,1838.35128,"<a href=""https://opensea.io/assets/0xa7d8d9ef8d8ce8992df33d8b8cf4aebabd5bd270/328000399/?ref=0x8F903cFC0Af3C2EC0d872c57538AF5e071544a57"" target=""_blank"" >View on OS</a>",OpenSea,\xf1a9f,\xa1ef1
2022-07-04T20:09:27+00:00,ArtBlocks,1.50,1682.7,"<a href=""https://opensea.io/assets/0xa7d8d9ef8d8ce8992df33d8b8cf4aebabd5bd270/328000392/?ref=0x8F903cFC0Af3C2EC0d872c57538AF5e071544a57"" target=""_blank"" >View on OS</a>",OpenSea,\x89086,\x62161
2022-07-03T18:02:03+00:00,ArtBlocks,1.74,1843.9824,"<a href=""https://opensea.io/assets/0xa7d8d9ef8d8ce8992df33d8b8cf4aebabd5bd270/328000340/?ref=0x8F903cFC0Af3C2EC0d872c57538AF5e071544a57"" target=""_blank"" >View on OS</a>",OpenSea,\x05e3e,\x62161
2022-07-03T16:51:43+00:00,ArtBlocks,1.69,1785.0118,"<a href=""https://opensea.io/assets/0xa7d8d9ef8d8ce8992df33d8b8cf4aebabd5bd270/328000176/?ref=0x8F903cFC0Af3C2EC0d872c57538AF5e071544a57"" target=""_blank"" >View on OS</a>",OpenSea,\xbab2d,\x32379
2022-07-03T09:41:08+00:00,ArtBlocks,1.80,1903.176,"<a href=""https://opensea.io/assets/0xa7d8d9ef8d8ce8992df33d8b8cf4aebabd5bd270/328000103/?ref=0x8F903cFC0Af3C2EC0d872c57538AF5e071544a57"" target=""_blank"" >View on OS</a>",OpenSea,\x1de9a,\x074a8
2022-07-03T08:52:26+00:00,ArtBlocks,1.45,1536.0285,"<a href=""https://opensea.io/assets/0xa7d8d9ef8d8ce8992df33d8b8cf4aebabd5bd270/328000227/?ref=0x8F903cFC0Af3C2EC0d872c57538AF5e071544a57"" target=""_blank"" >View on OS</a>",OpenSea,\x67c67,\x7f37c
2022-07-03T04:07:38+00:00,ArtBlocks,1.70,1808.562,"<a href=""https://opensea.io/assets/0xa7d8d9ef8d8ce8992df33d8b8cf4aebabd5bd270/328000357/?ref=0x8F903cFC0Af3C2EC0d872c57538AF5e071544a57"" target=""_blank"" >View on OS</a>",OpenSea,\x7f188,\x54aec
2022-07-02T15:35:44+00:00,ArtBlocks,1.79,1880.54256,"<a href=""https://opensea.io/assets/0xa7d8d9ef8d8ce8992df33d8b8cf4aebabd5bd270/328000205/?ref=0x8F903cFC0Af3C2EC0d872c57538AF5e071544a57"" target=""_blank"" >View on OS</a>",OpenSea,\xd02d1,\xab408
2022-07-02T09:09:01+00:00,ArtBlocks,2.43,2532.5217,"<a href=""https://opensea.io/assets/0xa7d8d9ef8d8ce8992df33d8b8cf4aebabd5bd270/328000304/?ref=0x8F903cFC0Af3C2EC0d872c57538AF5e071544a57"" target=""_blank"" >View on OS</a>",OpenSea,\x908fe,\xbf404
2022-07-02T08:44:52+00:00,ArtBlocks,1.80,1874.682,"<a href=""https://opensea.io/assets/0xa7d8d9ef8d8ce8992df33d8b8cf4aebabd5bd270/328000228/?ref=0x8F903cFC0Af3C2EC0d872c57538AF5e071544a57"" target=""_blank"" >View on OS</a>",OpenSea,\x53a66,\x16cf1
2022-07-02T02:09:04+00:00,ArtBlocks,1.55,1639.435,"<a href=""https://opensea.io/assets/0xa7d8d9ef8d8ce8992df33d8b8cf4aebabd5bd270/328000211/?ref=0x8F903cFC0Af3C2EC0d872c57538AF5e071544a57"" target=""_blank"" >View on OS</a>",OpenSea,\x0908b,\xe027b
2022-07-02T02:06:58+00:00,ArtBlocks,1.40,1480.78,"<a href=""https://opensea.io/assets/0xa7d8d9ef8d8ce8992df33d8b8cf4aebabd5bd270/328000227/?ref=0x8F903cFC0Af3C2EC0d872c57538AF5e071544a57"" target=""_blank"" >View on OS</a>",OpenSea,\x5c401,\x67c67
2022-07-02T00:49:31+00:00,ArtBlocks,1.44,1529.4836,"<a href=""https://opensea.io/assets/0xa7d8d9ef8d8ce8992df33d8b8cf4aebabd5bd270/328000393/?ref=0x8F903cFC0Af3C2EC0d872c57538AF5e071544a57"" target=""_blank"" >View on OS</a>",OpenSea,\xe5650,\x55a07
2022-07-02T00:44:26+00:00,ArtBlocks,1.75,1858.92,"<a href=""https://opensea.io/assets/0xa7d8d9ef8d8ce8992df33d8b8cf4aebabd5bd270/328000344/?ref=0x8F903cFC0Af3C2EC0d872c57538AF5e071544a57"" target=""_blank"" >View on OS</a>",OpenSea,\xbf527,\x62161
2022-07-01T23:46:30+00:00,ArtBlocks,1.70,1820.632,"<a href=""https://opensea.io/assets/0xa7d8d9ef8d8ce8992df33d8b8cf4aebabd5bd270/328000277/?ref=0x8F903cFC0Af3C2EC0d872c57538AF5e071544a57"" target=""_blank"" >View on OS</a>",OpenSea,\x79296,\x514ce
2022-07-01T23:05:16+00:00,ArtBlocks,2.25,2397.3075,"<a href=""https://opensea.io/assets/0xa7d8d9ef8d8ce8992df33d8b8cf4aebabd5bd270/328000218/?ref=0x8F903cFC0Af3C2EC0d872c57538AF5e071544a57"" target=""_blank"" >View on OS</a>",OpenSea,\x85aa8,\xe7dae
2022-07-01T23:01:54+00:00,ArtBlocks,3.49,3718.4903,"<a href=""https://opensea.io/assets/0xa7d8d9ef8d8ce8992df33d8b8cf4aebabd5bd270/328000179/?ref=0x8F903cFC0Af3C2EC0d872c57538AF5e071544a57"" target=""_blank"" >View on OS</a>",OpenSea,\x83f61,\xe7dae
2022-07-01T22:45:24+00:00,ArtBlocks,1.27,1355.60612,"<a href=""https://opensea.io/assets/0xa7d8d9ef8d8ce8992df33d8b8cf4aebabd5bd270/328000357/?ref=0x8F903cFC0Af3C2EC0d872c57538AF5e071544a57"" target=""_blank"" >View on OS</a>",OpenSea,\xbab2d,\x7f188
2022-07-01T22:44:37+00:00,ArtBlocks,1.29,1377.72,"<a href=""https://opensea.io/assets/0xa7d8d9ef8d8ce8992df33d8b8cf4aebabd5bd270/328000234/?ref=0x8F903cFC0Af3C2EC0d872c57538AF5e071544a57"" target=""_blank"" >View on OS</a>",OpenSea,\x0acd3,\x96c2f
2022-07-01T22:43:55+00:00,ArtBlocks,1.27,1351.02,"<a href=""https://opensea.io/assets/0xa7d8d9ef8d8ce8992df33d8b8cf4aebabd5bd270/328000184/?ref=0x8F903cFC0Af3C2EC0d872c57538AF5e071544a57"" target=""_blank"" >View on OS</a>",OpenSea,\xf0228,\x96c2f
2022-07-01T22:42:12+00:00,ArtBlocks,1.26,1345.68,"<a href=""https://opensea.io/assets/0xa7d8d9ef8d8ce8992df33d8b8cf4aebabd5bd270/328000229/?ref=0x8F903cFC0Af3C2EC0d872c57538AF5e071544a57"" target=""_blank"" >View on OS</a>",OpenSea,\xb066a,\x7d422
2022-07-01T20:30:07+00:00,ArtBlocks,1.50,1630.395,"<a href=""https://opensea.io/assets/0xa7d8d9ef8d8ce8992df33d8b8cf4aebabd5bd270/328000342/?ref=0x8F903cFC0Af3C2EC0d872c57538AF5e071544a57"" target=""_blank"" >View on OS</a>",OpenSea,\x67c67,\x8ba7e
2022-07-01T17:54:14+00:00,ArtBlocks,1.35,1450.548,"<a href=""https://opensea.io/assets/0xa7d8d9ef8d8ce8992df33d8b8cf4aebabd5bd270/328000138/?ref=0x8F903cFC0Af3C2EC0d872c57538AF5e071544a57"" target=""_blank"" >View on OS</a>",OpenSea,\x82d46,\x222a9
2022-07-01T17:48:13+00:00,ArtBlocks,1.20,1288.896,"<a href=""https://opensea.io/assets/0xa7d8d9ef8d8ce8992df33d8b8cf4aebabd5bd270/328000162/?ref=0x8F903cFC0Af3C2EC0d872c57538AF5e071544a57"" target=""_blank"" >View on OS</a>",OpenSea,\x15025,\xefea9
2022-07-01T17:39:01+00:00,ArtBlocks,1.39,1487.60511,"<a href=""https://opensea.io/assets/0xa7d8d9ef8d8ce8992df33d8b8cf4aebabd5bd270/328000192/?ref=0x8F903cFC0Af3C2EC0d872c57538AF5e071544a57"" target=""_blank"" >View on OS</a>",OpenSea,\x1babe,\x97e71
2022-07-01T17:37:19+00:00,ArtBlocks,2.40,2570.376,"<a href=""https://opensea.io/assets/0xa7d8d9ef8d8ce8992df33d8b8cf4aebabd5bd270/328000135/?ref=0x8F903cFC0Af3C2EC0d872c57538AF5e071544a57"" target=""_blank"" >View on OS</a>",OpenSea,\x2bc99,\x97e71
2022-07-01T15:22:04+00:00,ArtBlocks,1.16,1232.3956,"<a href=""https://opensea.io/assets/0xa7d8d9ef8d8ce8992df33d8b8cf4aebabd5bd270/328000347/?ref=0x8F903cFC0Af3C2EC0d872c57538AF5e071544a57"" target=""_blank"" >View on OS</a>",OpenSea,\x0e719,\xa7246
2022-07-01T13:21:41+00:00,ArtBlocks,1.50,1578.45,"<a href=""https://opensea.io/assets/0xa7d8d9ef8d8ce8992df33d8b8cf4aebabd5bd270/328000320/?ref=0x8F903cFC0Af3C2EC0d872c57538AF5e071544a57"" target=""_blank"" >View on OS</a>",OpenSea,\x24a43,\x73e60
2022-07-01T12:32:44+00:00,ArtBlocks,1.30,1368.458,"<a href=""https://opensea.io/assets/0xa7d8d9ef8d8ce8992df33d8b8cf4aebabd5bd270/328000202/?ref=0x8F903cFC0Af3C2EC0d872c57538AF5e071544a57"" target=""_blank"" >View on OS</a>",OpenSea,\xf9001,\x54266
2022-07-01T12:21:17+00:00,ArtBlocks,1.25,1313.0875,"<a href=""https://opensea.io/assets/0xa7d8d9ef8d8ce8992df33d8b8cf4aebabd5bd270/328000328/?ref=0x8F903cFC0Af3C2EC0d872c57538AF5e071544a57"" target=""_blank"" >View on OS</a>",OpenSea,\xf8b27,\x7a7d3
2022-07-01T11:27:15+00:00,ArtBlocks,1.22,1274.2046,"<a href=""https://opensea.io/assets/0xa7d8d9ef8d8ce8992df33d8b8cf4aebabd5bd270/328000037/?ref=0x8F903cFC0Af3C2EC0d872c57538AF5e071544a57"" target=""_blank"" >View on OS</a>",OpenSea,\xe55c9,\xbaa02
2022-07-01T00:15:54+00:00,ArtBlocks,1.23,1306.16432,"<a href=""https://opensea.io/assets/0xa7d8d9ef8d8ce8992df33d8b8cf4aebabd5bd270/328000276/?ref=0x8F903cFC0Af3C2EC0d872c57538AF5e071544a57"" target=""_blank"" >View on OS</a>",OpenSea,\x79296,\x73e60
2022-06-30T18:14:07+00:00,ArtBlocks,1.30,1342.913,"<a href=""https://opensea.io/assets/0xa7d8d9ef8d8ce8992df33d8b8cf4aebabd5bd270/328000387/?ref=0x8F903cFC0Af3C2EC0d872c57538AF5e071544a57"" target=""_blank"" >View on OS</a>",OpenSea,\xeea75,\x97a6c
2022-06-30T17:09:59+00:00,ArtBlocks,1.44,1487.6496,"<a href=""https://opensea.io/assets/0xa7d8d9ef8d8ce8992df33d8b8cf4aebabd5bd270/328000377/?ref=0x8F903cFC0Af3C2EC0d872c57538AF5e071544a57"" target=""_blank"" >View on OS</a>",OpenSea,\x38a48,\x03d00
2022-06-30T15:17:27+00:00,ArtBlocks,1.50,1541.385,"<a href=""https://opensea.io/assets/0xa7d8d9ef8d8ce8992df33d8b8cf4aebabd5bd270/328000380/?ref=0x8F903cFC0Af3C2EC0d872c57538AF5e071544a57"" target=""_blank"" >View on OS</a>",OpenSea,\xea6f1,\x8f8a1
2022-06-30T12:44:57+00:00,ArtBlocks,1.50,1536.48,"<a href=""https://opensea.io/assets/0xa7d8d9ef8d8ce8992df33d8b8cf4aebabd5bd270/328000333/?ref=0x8F903cFC0Af3C2EC0d872c57538AF5e071544a57"" target=""_blank"" >View on OS</a>",OpenSea,\x4a671,\x98b92
2022-06-30T11:23:43+00:00,ArtBlocks,1.58,1608.28182,"<a href=""https://opensea.io/assets/0xa7d8d9ef8d8ce8992df33d8b8cf4aebabd5bd270/328000336/?ref=0x8F903cFC0Af3C2EC0d872c57538AF5e071544a57"" target=""_blank"" >View on OS</a>",OpenSea,\x48458,\xaa677
2022-06-30T05:09:08+00:00,ArtBlocks,1.80,1964.322,"<a href=""https://opensea.io/assets/0xa7d8d9ef8d8ce8992df33d8b8cf4aebabd5bd270/328000257/?ref=0x8F903cFC0Af3C2EC0d872c57538AF5e071544a57"" target=""_blank"" >View on OS</a>",OpenSea,\x03ab9,\x07c48
2022-06-30T03:01:24+00:00,ArtBlocks,2.10,2294.46,"<a href=""https://opensea.io/assets/0xa7d8d9ef8d8ce8992df33d8b8cf4aebabd5bd270/328000293/?ref=0x8F903cFC0Af3C2EC0d872c57538AF5e071544a57"" target=""_blank"" >View on OS</a>",OpenSea,\x26f92,\x82df9
2022-06-30T02:43:12+00:00,ArtBlocks,1.88,2058.0172,"<a href=""https://opensea.io/assets/0xa7d8d9ef8d8ce8992df33d8b8cf4aebabd5bd270/328000110/?ref=0x8F903cFC0Af3C2EC0d872c57538AF5e071544a57"" target=""_blank"" >View on OS</a>",OpenSea,\x03e88,\xa5fd7
2022-06-30T02:16:47+00:00,ArtBlocks,1.87,2037.8699,"<a href=""https://opensea.io/assets/0xa7d8d9ef8d8ce8992df33d8b8cf4aebabd5bd270/328000142/?ref=0x8F903cFC0Af3C2EC0d872c57538AF5e071544a57"" target=""_blank"" >View on OS</a>",OpenSea,\xdc295,\x23787
2022-06-30T01:41:04+00:00,ArtBlocks,1.80,1953.648,"<a href=""https://opensea.io/assets/0xa7d8d9ef8d8ce8992df33d8b8cf4aebabd5bd270/328000026/?ref=0x8F903cFC0Af3C2EC0d872c57538AF5e071544a57"" target=""_blank"" >View on OS</a>",OpenSea,\xba91d,\xe9a51
2022-06-30T00:00:00+00:00,ArtBlocks,1.89,2074.0671,"<a href=""https://opensea.io/assets/0xa7d8d9ef8d8ce8992df33d8b8cf4aebabd5bd270/328000190/?ref=0x8F903cFC0Af3C2EC0d872c57538AF5e071544a57"" target=""_blank"" >View on OS</a>",OpenSea,\xbaa02,\xc3539
2022-06-29T23:04:32+00:00,ArtBlocks,1.69,1874.9367,"<a href=""https://opensea.io/assets/0xa7d8d9ef8d8ce8992df33d8b8cf4aebabd5bd270/328000036/?ref=0x8F903cFC0Af3C2EC0d872c57538AF5e071544a57"" target=""_blank"" >View on OS</a>",OpenSea,\x56ca0,\x418cd
2022-06-29T21:56:41+00:00,ArtBlocks,1.99,2213.0591,"<a href=""https://opensea.io/assets/0xa7d8d9ef8d8ce8992df33d8b8cf4aebabd5bd270/328000360/?ref=0x8F903cFC0Af3C2EC0d872c57538AF5e071544a57"" target=""_blank"" >View on OS</a>",OpenSea,\x67dac,\x48458
2022-06-29T20:37:18+00:00,ArtBlocks,2.20,2449.788,"<a href=""https://opensea.io/assets/0xa7d8d9ef8d8ce8992df33d8b8cf4aebabd5bd270/328000049/?ref=0x8F903cFC0Af3C2EC0d872c57538AF5e071544a57"" target=""_blank"" >View on OS</a>",OpenSea,\xfcca6,\x0edd8
2022-06-29T20:22:58+00:00,ArtBlocks,2.10,2345.826,"<a href=""https://opensea.io/assets/0xa7d8d9ef8d8ce8992df33d8b8cf4aebabd5bd270/328000346/?ref=0x8F903cFC0Af3C2EC0d872c57538AF5e071544a57"" target=""_blank"" >View on OS</a>",OpenSea,\x728b3,\xdc790
2022-06-29T19:54:45+00:00,ArtBlocks,2.20,2437.996,"<a href=""https://opensea.io/assets/0xa7d8d9ef8d8ce8992df33d8b8cf4aebabd5bd270/328000103/?ref=0x8F903cFC0Af3C2EC0d872c57538AF5e071544a57"" target=""_blank"" >View on OS</a>",OpenSea,\x61975,\x1de9a
2022-06-29T19:52:18+00:00,ArtBlocks,2.55,2825.859,"<a href=""https://opensea.io/assets/0xa7d8d9ef8d8ce8992df33d8b8cf4aebabd5bd270/328000367/?ref=0x8F903cFC0Af3C2EC0d872c57538AF5e071544a57"" target=""_blank"" >View on OS</a>",OpenSea,\x04dea,\xd5cb4
2022-06-29T19:51:37+00:00,ArtBlocks,2.85,3158.313,"<a href=""https://opensea.io/assets/0xa7d8d9ef8d8ce8992df33d8b8cf4aebabd5bd270/328000339/?ref=0x8F903cFC0Af3C2EC0d872c57538AF5e071544a57"" target=""_blank"" >View on OS</a>",OpenSea,\xd0680,\xb08b2
2022-06-29T19:47:09+00:00,ArtBlocks,2.60,2878.122,"<a href=""https://opensea.io/assets/0xa7d8d9ef8d8ce8992df33d8b8cf4aebabd5bd270/328000194/?ref=0x8F903cFC0Af3C2EC0d872c57538AF5e071544a57"" target=""_blank"" >View on OS</a>",LooksRare,\xdc790,\x84aec
2022-06-29T19:40:04+00:00,ArtBlocks,2.40,2662.776,"<a href=""https://opensea.io/assets/0xa7d8d9ef8d8ce8992df33d8b8cf4aebabd5bd270/328000285/?ref=0x8F903cFC0Af3C2EC0d872c57538AF5e071544a57"" target=""_blank"" >View on OS</a>",OpenSea,\xcac36,\x6fac5
2022-06-29T19:36:49+00:00,ArtBlocks,2.30,2551.827,"<a href=""https://opensea.io/assets/0xa7d8d9ef8d8ce8992df33d8b8cf4aebabd5bd270/328000105/?ref=0x8F903cFC0Af3C2EC0d872c57538AF5e071544a57"" target=""_blank"" >View on OS</a>",OpenSea,\xa4ded,\xc0b9f
2022-06-29T19:26:59+00:00,ArtBlocks,12.50,13850.125,"<a href=""https://opensea.io/assets/0xa7d8d9ef8d8ce8992df33d8b8cf4aebabd5bd270/328000395/?ref=0x8F903cFC0Af3C2EC0d872c57538AF5e071544a57"" target=""_blank"" >View on OS</a>",OpenSea,\x31bed,\x514ce
2022-06-29T19:24:48+00:00,ArtBlocks,2.88,3188.016,"<a href=""https://opensea.io/assets/0xa7d8d9ef8d8ce8992df33d8b8cf4aebabd5bd270/328000062/?ref=0x8F903cFC0Af3C2EC0d872c57538AF5e071544a57"" target=""_blank"" >View on OS</a>",OpenSea,\x6fac5,\xb9da9
2022-06-29T19:24:43+00:00,ArtBlocks,3.00,3320.85,"<a href=""https://opensea.io/assets/0xa7d8d9ef8d8ce8992df33d8b8cf4aebabd5bd270/328000279/?ref=0x8F903cFC0Af3C2EC0d872c57538AF5e071544a57"" target=""_blank"" >View on OS</a>",OpenSea,\x19e95,\xea972
2022-06-29T19:22:12+00:00,ArtBlocks,4.00,4427.8,"<a href=""https://opensea.io/assets/0xa7d8d9ef8d8ce8992df33d8b8cf4aebabd5bd270/328000127/?ref=0x8F903cFC0Af3C2EC0d872c57538AF5e071544a57"" target=""_blank"" >View on OS</a>",OpenSea,\xee956,\x5f9d4
2022-06-29T19:17:33+00:00,ArtBlocks,3.98,4405.1038,"<a href=""https://opensea.io/assets/0xa7d8d9ef8d8ce8992df33d8b8cf4aebabd5bd270/328000351/?ref=0x8F903cFC0Af3C2EC0d872c57538AF5e071544a57"" target=""_blank"" >View on OS</a>",OpenSea,\x47c2a,\xea972
2022-06-29T19:13:44+00:00,ArtBlocks,2.10,2321.067,"<a href=""https://opensea.io/assets/0xa7d8d9ef8d8ce8992df33d8b8cf4aebabd5bd270/328000165/?ref=0x8F903cFC0Af3C2EC0d872c57538AF5e071544a57"" target=""_blank"" >View on OS</a>",OpenSea,\xfcca6,\x764fe
2022-06-29T19:12:47+00:00,ArtBlocks,2.65,2928.9655,"<a href=""https://opensea.io/assets/0xa7d8d9ef8d8ce8992df33d8b8cf4aebabd5bd270/328000242/?ref=0x8F903cFC0Af3C2EC0d872c57538AF5e071544a57"" target=""_blank"" >View on OS</a>",OpenSea,\xfd356,\x5f9d4
2022-06-29T19:10:57+00:00,ArtBlocks,2.19,2418.50349566,"<a href=""https://opensea.io/assets/0xa7d8d9ef8d8ce8992df33d8b8cf4aebabd5bd270/328000246/?ref=0x8F903cFC0Af3C2EC0d872c57538AF5e071544a57"" target=""_blank"" >View on OS</a>",OpenSea,\x88feb,\xea5db
2022-06-29T19:07:51+00:00,ArtBlocks,2.48,2738.7632,"<a href=""https://opensea.io/assets/0xa7d8d9ef8d8ce8992df33d8b8cf4aebabd5bd270/328000067/?ref=0x8F903cFC0Af3C2EC0d872c57538AF5e071544a57"" target=""_blank"" >View on OS</a>",OpenSea,\xbdd95,\xf3860
2022-06-29T19:02:49+00:00,ArtBlocks,10.00,11034.3,"<a href=""https://opensea.io/assets/0xa7d8d9ef8d8ce8992df33d8b8cf4aebabd5bd270/328000363/?ref=0x8F903cFC0Af3C2EC0d872c57538AF5e071544a57"" target=""_blank"" >View on OS</a>",OpenSea,\xcd949,\x5f9d4
2022-06-29T19:01:46+00:00,ArtBlocks,2.24,2471.6832,"<a href=""https://opensea.io/assets/0xa7d8d9ef8d8ce8992df33d8b8cf4aebabd5bd270/328000221/?ref=0x8F903cFC0Af3C2EC0d872c57538AF5e071544a57"" target=""_blank"" >View on OS</a>",OpenSea,\x3dd1b,\xf3860
2022-06-29T18:57:53+00:00,ArtBlocks,2.28,2513.329,"<a href=""https://opensea.io/assets/0xa7d8d9ef8d8ce8992df33d8b8cf4aebabd5bd270/328000120/?ref=0x8F903cFC0Af3C2EC0d872c57538AF5e071544a57"" target=""_blank"" >View on OS</a>",OpenSea,\x0d861,\x9c729
2022-06-29T18:53:35+00:00,ArtBlocks,3.80,4195.01,"<a href=""https://opensea.io/assets/0xa7d8d9ef8d8ce8992df33d8b8cf4aebabd5bd270/328000263/?ref=0x8F903cFC0Af3C2EC0d872c57538AF5e071544a57"" target=""_blank"" >View on OS</a>",OpenSea,\x0a60a,\x43c7c
2022-06-29T18:53:24+00:00,ArtBlocks,2.00,2207.9,"<a href=""https://opensea.io/assets/0xa7d8d9ef8d8ce8992df33d8b8cf4aebabd5bd270/328000360/?ref=0x8F903cFC0Af3C2EC0d872c57538AF5e071544a57"" target=""_blank"" >View on OS</a>",OpenSea,\x43c7c,\x67dac
2022-06-29T18:52:53+00:00,ArtBlocks,2.10,2318.295,"<a href=""https://opensea.io/assets/0xa7d8d9ef8d8ce8992df33d8b8cf4aebabd5bd270/328000028/?ref=0x8F903cFC0Af3C2EC0d872c57538AF5e071544a57"" target=""_blank"" >View on OS</a>",OpenSea,\xe155e,\x3d4aa
2022-06-29T18:52:26+00:00,ArtBlocks,2.22,2453.22222219769,"<a href=""https://opensea.io/assets/0xa7d8d9ef8d8ce8992df33d8b8cf4aebabd5bd270/328000383/?ref=0x8F903cFC0Af3C2EC0d872c57538AF5e071544a57"" target=""_blank"" >View on OS</a>",OpenSea,\xc0ed2,\x55cf3
2022-06-29T18:51:13+00:00,ArtBlocks,2.20,2427.58605,"<a href=""https://opensea.io/assets/0xa7d8d9ef8d8ce8992df33d8b8cf4aebabd5bd270/328000132/?ref=0x8F903cFC0Af3C2EC0d872c57538AF5e071544a57"" target=""_blank"" >View on OS</a>",OpenSea,\x192fc,\x73e60
2022-06-29T18:50:22+00:00,ArtBlocks,2.99,3302.1859,"<a href=""https://opensea.io/assets/0xa7d8d9ef8d8ce8992df33d8b8cf4aebabd5bd270/328000220/?ref=0x8F903cFC0Af3C2EC0d872c57538AF5e071544a57"" target=""_blank"" >View on OS</a>",OpenSea,\x04ac4,\xea972
2022-06-29T18:50:22+00:00,ArtBlocks,5.20,5742.932,"<a href=""https://opensea.io/assets/0xa7d8d9ef8d8ce8992df33d8b8cf4aebabd5bd270/328000261/?ref=0x8F903cFC0Af3C2EC0d872c57538AF5e071544a57"" target=""_blank"" >View on OS</a>",OpenSea,\x8cfa3,\x43c7c
2022-06-29T18:48:50+00:00,ArtBlocks,2.80,3092.348,"<a href=""https://opensea.io/assets/0xa7d8d9ef8d8ce8992df33d8b8cf4aebabd5bd270/328000029/?ref=0x8F903cFC0Af3C2EC0d872c57538AF5e071544a57"" target=""_blank"" >View on OS</a>",OpenSea,\x0edd8,\x813bb
2022-06-29T18:48:46+00:00,ArtBlocks,2.00,2208.82,"<a href=""https://opensea.io/assets/0xa7d8d9ef8d8ce8992df33d8b8cf4aebabd5bd270/328000143/?ref=0x8F903cFC0Af3C2EC0d872c57538AF5e071544a57"" target=""_blank"" >View on OS</a>",OpenSea,\xba91d,\x89489
2022-06-29T18:45:44+00:00,ArtBlocks,1.90,2067.048,"<a href=""https://opensea.io/assets/0xa7d8d9ef8d8ce8992df33d8b8cf4aebabd5bd270/328000235/?ref=0x8F903cFC0Af3C2EC0d872c57538AF5e071544a57"" target=""_blank"" >View on OS</a>",OpenSea,\x3248d,\x0caba
2022-06-29T18:44:09+00:00,ArtBlocks,2.00,2175.84,"<a href=""https://opensea.io/assets/0xa7d8d9ef8d8ce8992df33d8b8cf4aebabd5bd270/328000342/?ref=0x8F903cFC0Af3C2EC0d872c57538AF5e071544a57"" target=""_blank"" >View on OS</a>",OpenSea,\x3961f,\x67c67
2022-06-29T18:41:59+00:00,ArtBlocks,2.15,2339.028,"<a href=""https://opensea.io/assets/0xa7d8d9ef8d8ce8992df33d8b8cf4aebabd5bd270/328000061/?ref=0x8F903cFC0Af3C2EC0d872c57538AF5e071544a57"" target=""_blank"" >View on OS</a>",OpenSea,\xfcff3,\x91845
2022-06-29T18:41:45+00:00,ArtBlocks,2.00,2175.84,"<a href=""https://opensea.io/assets/0xa7d8d9ef8d8ce8992df33d8b8cf4aebabd5bd270/328000367/?ref=0x8F903cFC0Af3C2EC0d872c57538AF5e071544a57"" target=""_blank"" >View on OS</a>",OpenSea,\xc1675,\x04dea
2022-06-29T18:40:58+00:00,ArtBlocks,2.50,2766.8,"<a href=""https://opensea.io/assets/0xa7d8d9ef8d8ce8992df33d8b8cf4aebabd5bd270/328000169/?ref=0x8F903cFC0Af3C2EC0d872c57538AF5e071544a57"" target=""_blank"" >View on OS</a>",OpenSea,\xc1448,\x04a38
2022-06-29T18:40:58+00:00,ArtBlocks,2.75,3043.48,"<a href=""https://opensea.io/assets/0xa7d8d9ef8d8ce8992df33d8b8cf4aebabd5bd270/328000172/?ref=0x8F903cFC0Af3C2EC0d872c57538AF5e071544a57"" target=""_blank"" >View on OS</a>",OpenSea,\xa7b5c,\x6b807
2022-06-29T18:40:19+00:00,ArtBlocks,1.94,2151.95555555555,"<a href=""https://opensea.io/assets/0xa7d8d9ef8d8ce8992df33d8b8cf4aebabd5bd270/328000289/?ref=0x8F903cFC0Af3C2EC0d872c57538AF5e071544a57"" target=""_blank"" >View on OS</a>",OpenSea,\x2ef1b,\x9bc91
2022-06-29T18:40:13+00:00,ArtBlocks,1.99,2202.3728,"<a href=""https://opensea.io/assets/0xa7d8d9ef8d8ce8992df33d8b8cf4aebabd5bd270/328000302/?ref=0x8F903cFC0Af3C2EC0d872c57538AF5e071544a57"" target=""_blank"" >View on OS</a>",OpenSea,\x0acd3,\x8bcfc
2022-06-29T18:39:00+00:00,ArtBlocks,2.00,2213.44,"<a href=""https://opensea.io/assets/0xa7d8d9ef8d8ce8992df33d8b8cf4aebabd5bd270/328000313/?ref=0x8F903cFC0Af3C2EC0d872c57538AF5e071544a57"" target=""_blank"" >View on OS</a>",OpenSea,\x7cacf,\x73e60
2022-06-29T18:38:52+00:00,ArtBlocks,1.97,2179.13168,"<a href=""https://opensea.io/assets/0xa7d8d9ef8d8ce8992df33d8b8cf4aebabd5bd270/328000211/?ref=0x8F903cFC0Af3C2EC0d872c57538AF5e071544a57"" target=""_blank"" >View on OS</a>",OpenSea,\x09f7a,\x0908b
2022-06-29T18:38:09+00:00,ArtBlocks,1.90,2102.768,"<a href=""https://opensea.io/assets/0xa7d8d9ef8d8ce8992df33d8b8cf4aebabd5bd270/328000253/?ref=0x8F903cFC0Af3C2EC0d872c57538AF5e071544a57"" target=""_blank"" >View on OS</a>",OpenSea,\xe3a80,\x23651
2022-06-29T18:37:30+00:00,ArtBlocks,1.90,2102.768,"<a href=""https://opensea.io/assets/0xa7d8d9ef8d8ce8992df33d8b8cf4aebabd5bd270/328000171/?ref=0x8F903cFC0Af3C2EC0d872c57538AF5e071544a57"" target=""_blank"" >View on OS</a>",OpenSea,\x394f4,\x43d67
2022-06-29T18:37:30+00:00,ArtBlocks,2.05,2268.776,"<a href=""https://opensea.io/assets/0xa7d8d9ef8d8ce8992df33d8b8cf4aebabd5bd270/328000135/?ref=0x8F903cFC0Af3C2EC0d872c57538AF5e071544a57"" target=""_blank"" >View on OS</a>",OpenSea,\xbd12b,\x2bc99
2022-06-29T18:37:16+00:00,ArtBlocks,1.98,2191.3056,"<a href=""https://opensea.io/assets/0xa7d8d9ef8d8ce8992df33d8b8cf4aebabd5bd270/328000095/?ref=0x8F903cFC0Af3C2EC0d872c57538AF5e071544a57"" target=""_blank"" >View on OS</a>",OpenSea,\x65e6d,\x55419
2022-06-29T18:35:04+00:00,ArtBlocks,1.88,2080.7088,"<a href=""https://opensea.io/assets/0xa7d8d9ef8d8ce8992df33d8b8cf4aebabd5bd270/328000329/?ref=0x8F903cFC0Af3C2EC0d872c57538AF5e071544a57"" target=""_blank"" >View on OS</a>",OpenSea,\x6957d,\xcb1dd
2022-06-29T18:34:26+00:00,ArtBlocks,1.65,1826.154,"<a href=""https://opensea.io/assets/0xa7d8d9ef8d8ce8992df33d8b8cf4aebabd5bd270/328000142/?ref=0x8F903cFC0Af3C2EC0d872c57538AF5e071544a57"" target=""_blank"" >View on OS</a>",OpenSea,\xe81fc,\xdc295
2022-06-29T18:33:52+00:00,ArtBlocks,1.74,1925.7624,"<a href=""https://opensea.io/assets/0xa7d8d9ef8d8ce8992df33d8b8cf4aebabd5bd270/328000112/?ref=0x8F903cFC0Af3C2EC0d872c57538AF5e071544a57"" target=""_blank"" >View on OS</a>",OpenSea,\x9bc91,\x5b7dd
2022-06-29T18:32:29+00:00,ArtBlocks,1.82,2014.3032,"<a href=""https://opensea.io/assets/0xa7d8d9ef8d8ce8992df33d8b8cf4aebabd5bd270/328000322/?ref=0x8F903cFC0Af3C2EC0d872c57538AF5e071544a57"" target=""_blank"" >View on OS</a>",OpenSea,\x53703,\x2b847
2022-06-29T18:32:29+00:00,ArtBlocks,2.00,2213.52,"<a href=""https://opensea.io/assets/0xa7d8d9ef8d8ce8992df33d8b8cf4aebabd5bd270/328000175/?ref=0x8F903cFC0Af3C2EC0d872c57538AF5e071544a57"" target=""_blank"" >View on OS</a>",OpenSea,\xfcff3,\xea972
2022-06-29T18:29:37+00:00,ArtBlocks,1.89,2088.20352,"<a href=""https://opensea.io/assets/0xa7d8d9ef8d8ce8992df33d8b8cf4aebabd5bd270/328000178/?ref=0x8F903cFC0Af3C2EC0d872c57538AF5e071544a57"" target=""_blank"" >View on OS</a>",OpenSea,\xe74ca,\x91845
2022-06-29T18:28:51+00:00,ArtBlocks,1.80,1990.872,"<a href=""https://opensea.io/assets/0xa7d8d9ef8d8ce8992df33d8b8cf4aebabd5bd270/328000031/?ref=0x8F903cFC0Af3C2EC0d872c57538AF5e071544a57"" target=""_blank"" >View on OS</a>",OpenSea,\xd0a51,\xb540d
2022-06-29T18:28:18+00:00,ArtBlocks,2.20,2433.288,"<a href=""https://opensea.io/assets/0xa7d8d9ef8d8ce8992df33d8b8cf4aebabd5bd270/328000341/?ref=0x8F903cFC0Af3C2EC0d872c57538AF5e071544a57"" target=""_blank"" >View on OS</a>",OpenSea,\xcb1dd,\x2b847
2022-06-29T18:27:02+00:00,ArtBlocks,1.60,1769.664,"<a href=""https://opensea.io/assets/0xa7d8d9ef8d8ce8992df33d8b8cf4aebabd5bd270/328000246/?ref=0x8F903cFC0Af3C2EC0d872c57538AF5e071544a57"" target=""_blank"" >View on OS</a>",OpenSea,\xc1448,\x88feb
2022-06-29T18:25:23+00:00,ArtBlocks,2.65,2934.186,"<a href=""https://opensea.io/assets/0xa7d8d9ef8d8ce8992df33d8b8cf4aebabd5bd270/328000078/?ref=0x8F903cFC0Af3C2EC0d872c57538AF5e071544a57"" target=""_blank"" >View on OS</a>",OpenSea,\xd0a51,\x5a77b
2022-06-29T18:24:38+00:00,ArtBlocks,9.25,10241.97,"<a href=""https://opensea.io/assets/0xa7d8d9ef8d8ce8992df33d8b8cf4aebabd5bd270/328000003/?ref=0x8F903cFC0Af3C2EC0d872c57538AF5e071544a57"" target=""_blank"" >View on OS</a>",OpenSea,\x4a9c2,\xe5675
2022-06-29T18:23:28+00:00,ArtBlocks,1.60,1771.584,"<a href=""https://opensea.io/assets/0xa7d8d9ef8d8ce8992df33d8b8cf4aebabd5bd270/328000037/?ref=0x8F903cFC0Af3C2EC0d872c57538AF5e071544a57"" target=""_blank"" >View on OS</a>",OpenSea,\xa4ded,\xe55c9
2022-06-29T18:20:37+00:00,ArtBlocks,1.60,1771.968,"<a href=""https://opensea.io/assets/0xa7d8d9ef8d8ce8992df33d8b8cf4aebabd5bd270/328000053/?ref=0x8F903cFC0Af3C2EC0d872c57538AF5e071544a57"" target=""_blank"" >View on OS</a>",OpenSea,\xe69aa,\x0908b
2022-06-29T18:20:37+00:00,ArtBlocks,1.69,1871.6412,"<a href=""https://opensea.io/assets/0xa7d8d9ef8d8ce8992df33d8b8cf4aebabd5bd270/328000318/?ref=0x8F903cFC0Af3C2EC0d872c57538AF5e071544a57"" target=""_blank"" >View on OS</a>",OpenSea,\xe192c,\x37d27
2022-06-29T18:20:18+00:00,ArtBlocks,1.67,1848.38412,"<a href=""https://opensea.io/assets/0xa7d8d9ef8d8ce8992df33d8b8cf4aebabd5bd270/328000050/?ref=0x8F903cFC0Af3C2EC0d872c57538AF5e071544a57"" target=""_blank"" >View on OS</a>",OpenSea,\xa8c12,\x7dd76
2022-06-29T18:19:47+00:00,ArtBlocks,1.70,1879.282812,"<a href=""https://opensea.io/assets/0xa7d8d9ef8d8ce8992df33d8b8cf4aebabd5bd270/328000398/?ref=0x8F903cFC0Af3C2EC0d872c57538AF5e071544a57"" target=""_blank"" >View on OS</a>",OpenSea,\xf1a9f,\xb08b2
2022-06-29T18:18:27+00:00,ArtBlocks,1.54,1705.5192,"<a href=""https://opensea.io/assets/0xa7d8d9ef8d8ce8992df33d8b8cf4aebabd5bd270/328000198/?ref=0x8F903cFC0Af3C2EC0d872c57538AF5e071544a57"" target=""_blank"" >View on OS</a>",OpenSea,\x22f89,\xf0e72
2022-06-29T18:16:08+00:00,ArtBlocks,1.44,1594.7712,"<a href=""https://opensea.io/assets/0xa7d8d9ef8d8ce8992df33d8b8cf4aebabd5bd270/328000051/?ref=0x8F903cFC0Af3C2EC0d872c57538AF5e071544a57"" target=""_blank"" >View on OS</a>",OpenSea,\x2e5ee,\x10dfe
2022-06-29T18:10:18+00:00,ArtBlocks,9.75,10770.045,"<a href=""https://opensea.io/assets/0xa7d8d9ef8d8ce8992df33d8b8cf4aebabd5bd270/328000199/?ref=0x8F903cFC0Af3C2EC0d872c57538AF5e071544a57"" target=""_blank"" >View on OS</a>",OpenSea,\xdde01,\x8dbbc
2022-06-29T18:10:06+00:00,ArtBlocks,2.75,3037.705,"<a href=""https://opensea.io/assets/0xa7d8d9ef8d8ce8992df33d8b8cf4aebabd5bd270/328000306/?ref=0x8F903cFC0Af3C2EC0d872c57538AF5e071544a57"" target=""_blank"" >View on OS</a>",OpenSea,\xee956,\x07b45
2022-06-29T18:08:25+00:00,ArtBlocks,1.80,1988.316,"<a href=""https://opensea.io/assets/0xa7d8d9ef8d8ce8992df33d8b8cf4aebabd5bd270/328000125/?ref=0x8F903cFC0Af3C2EC0d872c57538AF5e071544a57"" target=""_blank"" >View on OS</a>",OpenSea,\x3499f,\x5191d
2022-06-29T18:06:44+00:00,ArtBlocks,1.76,1944.1312,"<a href=""https://opensea.io/assets/0xa7d8d9ef8d8ce8992df33d8b8cf4aebabd5bd270/328000334/?ref=0x8F903cFC0Af3C2EC0d872c57538AF5e071544a57"" target=""_blank"" >View on OS</a>",OpenSea,\xe91c4,\xdc295
2022-06-29T18:06:14+00:00,ArtBlocks,1.87,2065.6394,"<a href=""https://opensea.io/assets/0xa7d8d9ef8d8ce8992df33d8b8cf4aebabd5bd270/328000153/?ref=0x8F903cFC0Af3C2EC0d872c57538AF5e071544a57"" target=""_blank"" >View on OS</a>",OpenSea,\xf02cd,\x29889
2022-06-29T18:06:14+00:00,ArtBlocks,2.85,3148.167,"<a href=""https://opensea.io/assets/0xa7d8d9ef8d8ce8992df33d8b8cf4aebabd5bd270/328000104/?ref=0x8F903cFC0Af3C2EC0d872c57538AF5e071544a57"" target=""_blank"" >View on OS</a>",OpenSea,\xfc84f,\xfcff3
2022-06-29T18:00:33+00:00,ArtBlocks,2.00,2194.86,"<a href=""https://opensea.io/assets/0xa7d8d9ef8d8ce8992df33d8b8cf4aebabd5bd270/328000107/?ref=0x8F903cFC0Af3C2EC0d872c57538AF5e071544a57"" target=""_blank"" >View on OS</a>",OpenSea,\x09e39,\x8814c
2022-06-29T18:00:32+00:00,ArtBlocks,1.95,2139.9885,"<a href=""https://opensea.io/assets/0xa7d8d9ef8d8ce8992df33d8b8cf4aebabd5bd270/328000227/?ref=0x8F903cFC0Af3C2EC0d872c57538AF5e071544a57"" target=""_blank"" >View on OS</a>",OpenSea,\x01734,\x5c401
2022-06-29T17:59:57+00:00,ArtBlocks,1.99,2183.8857,"<a href=""https://opensea.io/assets/0xa7d8d9ef8d8ce8992df33d8b8cf4aebabd5bd270/328000323/?ref=0x8F903cFC0Af3C2EC0d872c57538AF5e071544a57"" target=""_blank"" >View on OS</a>",OpenSea,\x9d26b,\xa79b0
2022-06-29T17:58:50+00:00,ArtBlocks,2.05,2249.7315,"<a href=""https://opensea.io/assets/0xa7d8d9ef8d8ce8992df33d8b8cf4aebabd5bd270/328000134/?ref=0x8F903cFC0Af3C2EC0d872c57538AF5e071544a57"" target=""_blank"" >View on OS</a>",OpenSea,\x85aa8,\xd6981
2022-06-29T17:58:50+00:00,ArtBlocks,2.12,2326.5516,"<a href=""https://opensea.io/assets/0xa7d8d9ef8d8ce8992df33d8b8cf4aebabd5bd270/328000352/?ref=0x8F903cFC0Af3C2EC0d872c57538AF5e071544a57"" target=""_blank"" >View on OS</a>",OpenSea,\x92b08,\x9bc91
2022-06-29T17:58:32+00:00,ArtBlocks,3.25,3566.6475,"<a href=""https://opensea.io/assets/0xa7d8d9ef8d8ce8992df33d8b8cf4aebabd5bd270/328000341/?ref=0x8F903cFC0Af3C2EC0d872c57538AF5e071544a57"" target=""_blank"" >View on OS</a>",OpenSea,\x53703,\xcb1dd
2022-06-29T17:58:02+00:00,ArtBlocks,2.59,2842.3437,"<a href=""https://opensea.io/assets/0xa7d8d9ef8d8ce8992df33d8b8cf4aebabd5bd270/328000057/?ref=0x8F903cFC0Af3C2EC0d872c57538AF5e071544a57"" target=""_blank"" >View on OS</a>",OpenSea,\x07b45,\x6b807
2022-06-29T17:58:02+00:00,ArtBlocks,3.00,3292.29,"<a href=""https://opensea.io/assets/0xa7d8d9ef8d8ce8992df33d8b8cf4aebabd5bd270/328000373/?ref=0x8F903cFC0Af3C2EC0d872c57538AF5e071544a57"" target=""_blank"" >View on OS</a>",OpenSea,\x67dac,\x64142
2022-06-29T17:57:49+00:00,ArtBlocks,1.98,2169.509367,"<a href=""https://opensea.io/assets/0xa7d8d9ef8d8ce8992df33d8b8cf4aebabd5bd270/328000332/?ref=0x8F903cFC0Af3C2EC0d872c57538AF5e071544a57"" target=""_blank"" >View on OS</a>",OpenSea,\x1057b,\xcb6bf
2022-06-29T17:57:07+00:00,ArtBlocks,2.10,2304.603,"<a href=""https://opensea.io/assets/0xa7d8d9ef8d8ce8992df33d8b8cf4aebabd5bd270/328000104/?ref=0x8F903cFC0Af3C2EC0d872c57538AF5e071544a57"" target=""_blank"" >View on OS</a>",OpenSea,\xffe0b,\xfc84f
2022-06-29T17:56:30+00:00,ArtBlocks,1.99,2183.8857,"<a href=""https://opensea.io/assets/0xa7d8d9ef8d8ce8992df33d8b8cf4aebabd5bd270/328000389/?ref=0x8F903cFC0Af3C2EC0d872c57538AF5e071544a57"" target=""_blank"" >View on OS</a>",OpenSea,\x3ee98,\x7a193
2022-06-29T17:56:06+00:00,ArtBlocks,2.15,2359.4745,"<a href=""https://opensea.io/assets/0xa7d8d9ef8d8ce8992df33d8b8cf4aebabd5bd270/328000248/?ref=0x8F903cFC0Af3C2EC0d872c57538AF5e071544a57"" target=""_blank"" >View on OS</a>",OpenSea,\xb2066,\x73e60
2022-06-29T17:56:06+00:00,ArtBlocks,2.49,2732.6007,"<a href=""https://opensea.io/assets/0xa7d8d9ef8d8ce8992df33d8b8cf4aebabd5bd270/328000396/?ref=0x8F903cFC0Af3C2EC0d872c57538AF5e071544a57"" target=""_blank"" >View on OS</a>",OpenSea,\x04980,\x3df8b
2022-06-29T17:56:06+00:00,ArtBlocks,3.00,3292.2790257,"<a href=""https://opensea.io/assets/0xa7d8d9ef8d8ce8992df33d8b8cf4aebabd5bd270/328000092/?ref=0x8F903cFC0Af3C2EC0d872c57538AF5e071544a57"" target=""_blank"" >View on OS</a>",OpenSea,\xe8616,\x21342
2022-06-29T17:55:36+00:00,ArtBlocks,1.99,2179.6669,"<a href=""https://opensea.io/assets/0xa7d8d9ef8d8ce8992df33d8b8cf4aebabd5bd270/328000278/?ref=0x8F903cFC0Af3C2EC0d872c57538AF5e071544a57"" target=""_blank"" >View on OS</a>",OpenSea,\x79296,\x262e6
2022-06-29T17:55:24+00:00,ArtBlocks,1.90,2079.99369,"<a href=""https://opensea.io/assets/0xa7d8d9ef8d8ce8992df33d8b8cf4aebabd5bd270/328000243/?ref=0x8F903cFC0Af3C2EC0d872c57538AF5e071544a57"" target=""_blank"" >View on OS</a>",OpenSea,\x67dac,\xc4ad5
2022-06-29T17:55:24+00:00,ArtBlocks,3.00,3285.93,"<a href=""https://opensea.io/assets/0xa7d8d9ef8d8ce8992df33d8b8cf4aebabd5bd270/328000075/?ref=0x8F903cFC0Af3C2EC0d872c57538AF5e071544a57"" target=""_blank"" >View on OS</a>",OpenSea,\xfc84f,\x4dd27
2022-06-29T17:54:19+00:00,ArtBlocks,1.99,2179.6669,"<a href=""https://opensea.io/assets/0xa7d8d9ef8d8ce8992df33d8b8cf4aebabd5bd270/328000146/?ref=0x8F903cFC0Af3C2EC0d872c57538AF5e071544a57"" target=""_blank"" >View on OS</a>",OpenSea,\xeaf96,\x6396e
2022-06-29T17:54:19+00:00,ArtBlocks,2.05,2245.3855,"<a href=""https://opensea.io/assets/0xa7d8d9ef8d8ce8992df33d8b8cf4aebabd5bd270/328000240/?ref=0x8F903cFC0Af3C2EC0d872c57538AF5e071544a57"" target=""_blank"" >View on OS</a>",OpenSea,\xc30ff,\x152b5
2022-06-29T17:53:21+00:00,ArtBlocks,2.05,2245.3855,"<a href=""https://opensea.io/assets/0xa7d8d9ef8d8ce8992df33d8b8cf4aebabd5bd270/328000271/?ref=0x8F903cFC0Af3C2EC0d872c57538AF5e071544a57"" target=""_blank"" >View on OS</a>",OpenSea,\x09f7a,\x43c7c
2022-06-29T17:53:21+00:00,ArtBlocks,2.20,2409.682,"<a href=""https://opensea.io/assets/0xa7d8d9ef8d8ce8992df33d8b8cf4aebabd5bd270/328000136/?ref=0x8F903cFC0Af3C2EC0d872c57538AF5e071544a57"" target=""_blank"" >View on OS</a>",OpenSea,\x8856d,\xa76b0
2022-06-29T17:52:53+00:00,ArtBlocks,2.10,2300.151,"<a href=""https://opensea.io/assets/0xa7d8d9ef8d8ce8992df33d8b8cf4aebabd5bd270/328000187/?ref=0x8F903cFC0Af3C2EC0d872c57538AF5e071544a57"" target=""_blank"" >View on OS</a>",OpenSea,\x2c041,\x73e60
2022-06-29T17:52:23+00:00,ArtBlocks,2.45,2683.5095,"<a href=""https://opensea.io/assets/0xa7d8d9ef8d8ce8992df33d8b8cf4aebabd5bd270/328000058/?ref=0x8F903cFC0Af3C2EC0d872c57538AF5e071544a57"" target=""_blank"" >View on OS</a>",OpenSea,\x07063,\xce723
2022-06-29T17:51:14+00:00,ArtBlocks,1.90,2081.089,"<a href=""https://opensea.io/assets/0xa7d8d9ef8d8ce8992df33d8b8cf4aebabd5bd270/328000146/?ref=0x8F903cFC0Af3C2EC0d872c57538AF5e071544a57"" target=""_blank"" >View on OS</a>",OpenSea,\x0cbe1,\xeaf96
2022-06-29T17:51:14+00:00,ArtBlocks,2.11,2312.308941,"<a href=""https://opensea.io/assets/0xa7d8d9ef8d8ce8992df33d8b8cf4aebabd5bd270/328000322/?ref=0x8F903cFC0Af3C2EC0d872c57538AF5e071544a57"" target=""_blank"" >View on OS</a>",OpenSea,\x00396,\x9d4b3
2022-06-29T17:51:14+00:00,ArtBlocks,2.85,3121.6335,"<a href=""https://opensea.io/assets/0xa7d8d9ef8d8ce8992df33d8b8cf4aebabd5bd270/328000375/?ref=0x8F903cFC0Af3C2EC0d872c57538AF5e071544a57"" target=""_blank"" >View on OS</a>",OpenSea,\x5b971,\xcdac2
2022-06-29T17:50:56+00:00,ArtBlocks,1.94,2123.1166,"<a href=""https://opensea.io/assets/0xa7d8d9ef8d8ce8992df33d8b8cf4aebabd5bd270/328000269/?ref=0x8F903cFC0Af3C2EC0d872c57538AF5e071544a57"" target=""_blank"" >View on OS</a>",OpenSea,\x06e78,\xe564d
2022-06-29T17:50:56+00:00,ArtBlocks,1.99,2177.8361,"<a href=""https://opensea.io/assets/0xa7d8d9ef8d8ce8992df33d8b8cf4aebabd5bd270/328000360/?ref=0x8F903cFC0Af3C2EC0d872c57538AF5e071544a57"" target=""_blank"" >View on OS</a>",OpenSea,\x259f9,\x43c7c
2022-06-29T17:50:17+00:00,ArtBlocks,1.94,2123.1166,"<a href=""https://opensea.io/assets/0xa7d8d9ef8d8ce8992df33d8b8cf4aebabd5bd270/328000063/?ref=0x8F903cFC0Af3C2EC0d872c57538AF5e071544a57"" target=""_blank"" >View on OS</a>",OpenSea,\xeaf96,\xcd32f
2022-06-29T17:50:17+00:00,ArtBlocks,2.19,2396.7141,"<a href=""https://opensea.io/assets/0xa7d8d9ef8d8ce8992df33d8b8cf4aebabd5bd270/328000067/?ref=0x8F903cFC0Af3C2EC0d872c57538AF5e071544a57"" target=""_blank"" >View on OS</a>",OpenSea,\x9c815,\xbdd95
2022-06-29T17:50:10+00:00,ArtBlocks,1.95,2134.0605,"<a href=""https://opensea.io/assets/0xa7d8d9ef8d8ce8992df33d8b8cf4aebabd5bd270/328000180/?ref=0x8F903cFC0Af3C2EC0d872c57538AF5e071544a57"" target=""_blank"" >View on OS</a>",OpenSea,\x7e8b9,\xcdac2
2022-06-29T17:50:10+00:00,ArtBlocks,1.99,2172.36415,"<a href=""https://opensea.io/assets/0xa7d8d9ef8d8ce8992df33d8b8cf4aebabd5bd270/328000326/?ref=0x8F903cFC0Af3C2EC0d872c57538AF5e071544a57"" target=""_blank"" >View on OS</a>",OpenSea,\x3c325,\x73e60
2022-06-29T17:49:52+00:00,ArtBlocks,1.90,2079.341,"<a href=""https://opensea.io/assets/0xa7d8d9ef8d8ce8992df33d8b8cf4aebabd5bd270/328000245/?ref=0x8F903cFC0Af3C2EC0d872c57538AF5e071544a57"" target=""_blank"" >View on OS</a>",OpenSea,\xe2c45,\xbbe37
2022-06-29T17:49:00+00:00,ArtBlocks,1.89,2068.3971,"<a href=""https://opensea.io/assets/0xa7d8d9ef8d8ce8992df33d8b8cf4aebabd5bd270/328000305/?ref=0x8F903cFC0Af3C2EC0d872c57538AF5e071544a57"" target=""_blank"" >View on OS</a>",OpenSea,\x09f21,\x5b701
2022-06-29T17:49:00+00:00,ArtBlocks,1.90,2079.341,"<a href=""https://opensea.io/assets/0xa7d8d9ef8d8ce8992df33d8b8cf4aebabd5bd270/328000075/?ref=0x8F903cFC0Af3C2EC0d872c57538AF5e071544a57"" target=""_blank"" >View on OS</a>",OpenSea,\xa4ded,\xfc84f
2022-06-29T17:49:00+00:00,ArtBlocks,8.69,9510.2491,"<a href=""https://opensea.io/assets/0xa7d8d9ef8d8ce8992df33d8b8cf4aebabd5bd270/328000274/?ref=0x8F903cFC0Af3C2EC0d872c57538AF5e071544a57"" target=""_blank"" >View on OS</a>",OpenSea,\x09f7a,\xcdac2
2022-06-29T17:48:34+00:00,ArtBlocks,1.94,2123.1166,"<a href=""https://opensea.io/assets/0xa7d8d9ef8d8ce8992df33d8b8cf4aebabd5bd270/328000299/?ref=0x8F903cFC0Af3C2EC0d872c57538AF5e071544a57"" target=""_blank"" >View on OS</a>",OpenSea,\xdb3be,\xe7dae
2022-06-29T17:48:14+00:00,ArtBlocks,1.85,2024.6215,"<a href=""https://opensea.io/assets/0xa7d8d9ef8d8ce8992df33d8b8cf4aebabd5bd270/328000311/?ref=0x8F903cFC0Af3C2EC0d872c57538AF5e071544a57"" target=""_blank"" >View on OS</a>",OpenSea,\x9a914,\x26d7b
2022-06-29T17:48:14+00:00,ArtBlocks,1.90,2079.341,"<a href=""https://opensea.io/assets/0xa7d8d9ef8d8ce8992df33d8b8cf4aebabd5bd270/328000390/?ref=0x8F903cFC0Af3C2EC0d872c57538AF5e071544a57"" target=""_blank"" >View on OS</a>",OpenSea,\x4f321,\x7e29f
2022-06-29T17:47:52+00:00,ArtBlocks,2.00,2188.78,"<a href=""https://opensea.io/assets/0xa7d8d9ef8d8ce8992df33d8b8cf4aebabd5bd270/328000237/?ref=0x8F903cFC0Af3C2EC0d872c57538AF5e071544a57"" target=""_blank"" >View on OS</a>",OpenSea,\xbe7c3,\xce723
2022-06-29T17:47:52+00:00,ArtBlocks,2.20,2407.658,"<a href=""https://opensea.io/assets/0xa7d8d9ef8d8ce8992df33d8b8cf4aebabd5bd270/328000195/?ref=0x8F903cFC0Af3C2EC0d872c57538AF5e071544a57"" target=""_blank"" >View on OS</a>",OpenSea,\xaebc3,\x6b807
2022-06-29T17:47:52+00:00,ArtBlocks,2.47,2702.04891,"<a href=""https://opensea.io/assets/0xa7d8d9ef8d8ce8992df33d8b8cf4aebabd5bd270/328000341/?ref=0x8F903cFC0Af3C2EC0d872c57538AF5e071544a57"" target=""_blank"" >View on OS</a>",OpenSea,\x99799,\x53703
2022-06-29T17:47:31+00:00,ArtBlocks,1.84,2013.6776,"<a href=""https://opensea.io/assets/0xa7d8d9ef8d8ce8992df33d8b8cf4aebabd5bd270/328000188/?ref=0x8F903cFC0Af3C2EC0d872c57538AF5e071544a57"" target=""_blank"" >View on OS</a>",OpenSea,\x53703,\xe7dae
2022-06-29T17:47:31+00:00,ArtBlocks,2.30,2517.097,"<a href=""https://opensea.io/assets/0xa7d8d9ef8d8ce8992df33d8b8cf4aebabd5bd270/328000092/?ref=0x8F903cFC0Af3C2EC0d872c57538AF5e071544a57"" target=""_blank"" >View on OS</a>",OpenSea,\x73bb5,\xe8616
2022-06-29T17:46:56+00:00,ArtBlocks,1.73,1887.82275,"<a href=""https://opensea.io/assets/0xa7d8d9ef8d8ce8992df33d8b8cf4aebabd5bd270/328000236/?ref=0x8F903cFC0Af3C2EC0d872c57538AF5e071544a57"" target=""_blank"" >View on OS</a>",OpenSea,\xd9c09,\x1057b
2022-06-29T17:46:26+00:00,ArtBlocks,1.75,1914.08811,"<a href=""https://opensea.io/assets/0xa7d8d9ef8d8ce8992df33d8b8cf4aebabd5bd270/328000314/?ref=0x8F903cFC0Af3C2EC0d872c57538AF5e071544a57"" target=""_blank"" >View on OS</a>",OpenSea,\x79008,\xddeae
2022-06-29T17:46:26+00:00,ArtBlocks,3.00,3283.17,"<a href=""https://opensea.io/assets/0xa7d8d9ef8d8ce8992df33d8b8cf4aebabd5bd270/328000077/?ref=0x8F903cFC0Af3C2EC0d872c57538AF5e071544a57"" target=""_blank"" >View on OS</a>",OpenSea,\xe8616,\x89add
2022-06-29T17:46:24+00:00,ArtBlocks,6.90,7551.291,"<a href=""https://opensea.io/assets/0xa7d8d9ef8d8ce8992df33d8b8cf4aebabd5bd270/328000116/?ref=0x8F903cFC0Af3C2EC0d872c57538AF5e071544a57"" target=""_blank"" >View on OS</a>",OpenSea,\x66cb3,\x64142
2022-06-29T17:45:15+00:00,ArtBlocks,1.49,1626.9757,"<a href=""https://opensea.io/assets/0xa7d8d9ef8d8ce8992df33d8b8cf4aebabd5bd270/328000063/?ref=0x8F903cFC0Af3C2EC0d872c57538AF5e071544a57"" target=""_blank"" >View on OS</a>",OpenSea,\x2c35b,\xeaf96
2022-06-29T17:45:15+00:00,ArtBlocks,1.69,1845.3507807,"<a href=""https://opensea.io/assets/0xa7d8d9ef8d8ce8992df33d8b8cf4aebabd5bd270/328000213/?ref=0x8F903cFC0Af3C2EC0d872c57538AF5e071544a57"" target=""_blank"" >View on OS</a>",OpenSea,\x2a543,\xe564d
2022-06-29T17:45:15+00:00,ArtBlocks,1.75,1910.8775,"<a href=""https://opensea.io/assets/0xa7d8d9ef8d8ce8992df33d8b8cf4aebabd5bd270/328000157/?ref=0x8F903cFC0Af3C2EC0d872c57538AF5e071544a57"" target=""_blank"" >View on OS</a>",OpenSea,\x95717,\x0caba
2022-06-29T17:45:15+00:00,ArtBlocks,3.33,3636.1269,"<a href=""https://opensea.io/assets/0xa7d8d9ef8d8ce8992df33d8b8cf4aebabd5bd270/328000330/?ref=0x8F903cFC0Af3C2EC0d872c57538AF5e071544a57"" target=""_blank"" >View on OS</a>",OpenSea,\xd02d1,\x3612b
2022-06-29T17:44:47+00:00,ArtBlocks,1.40,1528.702,"<a href=""https://opensea.io/assets/0xa7d8d9ef8d8ce8992df33d8b8cf4aebabd5bd270/328000242/?ref=0x8F903cFC0Af3C2EC0d872c57538AF5e071544a57"" target=""_blank"" >View on OS</a>",OpenSea,\x730ab,\xfd356
2022-06-29T17:44:47+00:00,ArtBlocks,1.89,2063.7477,"<a href=""https://opensea.io/assets/0xa7d8d9ef8d8ce8992df33d8b8cf4aebabd5bd270/328000111/?ref=0x8F903cFC0Af3C2EC0d872c57538AF5e071544a57"" target=""_blank"" >View on OS</a>",OpenSea,\xd0a51,\xcdac2
2022-06-29T17:44:47+00:00,ArtBlocks,8.88,9696.3384,"<a href=""https://opensea.io/assets/0xa7d8d9ef8d8ce8992df33d8b8cf4aebabd5bd270/328000074/?ref=0x8F903cFC0Af3C2EC0d872c57538AF5e071544a57"" target=""_blank"" >View on OS</a>",OpenSea,\xf1c71,\xaac42
2022-06-29T17:44:30+00:00,ArtBlocks,1.50,1637.895,"<a href=""https://opensea.io/assets/0xa7d8d9ef8d8ce8992df33d8b8cf4aebabd5bd270/328000109/?ref=0x8F903cFC0Af3C2EC0d872c57538AF5e071544a57"" target=""_blank"" >View on OS</a>",OpenSea,\xa69ed,\x98bbe
2022-06-29T17:44:01+00:00,ArtBlocks,1.49,1626.9757,"<a href=""https://opensea.io/assets/0xa7d8d9ef8d8ce8992df33d8b8cf4aebabd5bd270/328000349/?ref=0x8F903cFC0Af3C2EC0d872c57538AF5e071544a57"" target=""_blank"" >View on OS</a>",OpenSea,\xbb7c9,\x01956
2022-06-29T17:44:01+00:00,ArtBlocks,2.50,2729.825,"<a href=""https://opensea.io/assets/0xa7d8d9ef8d8ce8992df33d8b8cf4aebabd5bd270/328000351/?ref=0x8F903cFC0Af3C2EC0d872c57538AF5e071544a57"" target=""_blank"" >View on OS</a>",OpenSea,\xb2aad,\x47c2a
2022-06-29T17:43:34+00:00,ArtBlocks,1.48,1610.59675,"<a href=""https://opensea.io/assets/0xa7d8d9ef8d8ce8992df33d8b8cf4aebabd5bd270/328000327/?ref=0x8F903cFC0Af3C2EC0d872c57538AF5e071544a57"" target=""_blank"" >View on OS</a>",OpenSea,\x90eed,\x91969
2022-06-29T17:43:34+00:00,ArtBlocks,1.70,1856.281,"<a href=""https://opensea.io/assets/0xa7d8d9ef8d8ce8992df33d8b8cf4aebabd5bd270/328000394/?ref=0x8F903cFC0Af3C2EC0d872c57538AF5e071544a57"" target=""_blank"" >View on OS</a>",OpenSea,\xa98d2,\x0caba
2022-06-29T17:43:34+00:00,ArtBlocks,1.89,2061.56384,"<a href=""https://opensea.io/assets/0xa7d8d9ef8d8ce8992df33d8b8cf4aebabd5bd270/328000374/?ref=0x8F903cFC0Af3C2EC0d872c57538AF5e071544a57"" target=""_blank"" >View on OS</a>",OpenSea,\xe74ca,\x64142
2022-06-29T17:43:34+00:00,ArtBlocks,2.00,2183.86,"<a href=""https://opensea.io/assets/0xa7d8d9ef8d8ce8992df33d8b8cf4aebabd5bd270/328000077/?ref=0x8F903cFC0Af3C2EC0d872c57538AF5e071544a57"" target=""_blank"" >View on OS</a>",OpenSea,\xa69ed,\xe8616
2022-06-29T17:43:34+00:00,ArtBlocks,2.50,2729.825,"<a href=""https://opensea.io/assets/0xa7d8d9ef8d8ce8992df33d8b8cf4aebabd5bd270/328000268/?ref=0x8F903cFC0Af3C2EC0d872c57538AF5e071544a57"" target=""_blank"" >View on OS</a>",OpenSea,\xb0d10,\x47c2a
2022-06-29T17:42:58+00:00,ArtBlocks,2.98,3253.9514,"<a href=""https://opensea.io/assets/0xa7d8d9ef8d8ce8992df33d8b8cf4aebabd5bd270/328000073/?ref=0x8F903cFC0Af3C2EC0d872c57538AF5e071544a57"" target=""_blank"" >View on OS</a>",OpenSea,\x47c2a,\x3612b
2022-06-29T17:42:58+00:00,ArtBlocks,5.00,5459.65,"<a href=""https://opensea.io/assets/0xa7d8d9ef8d8ce8992df33d8b8cf4aebabd5bd270/328000174/?ref=0x8F903cFC0Af3C2EC0d872c57538AF5e071544a57"" target=""_blank"" >View on OS</a>",OpenSea,\x06d02,\xfaff9
2022-06-29T17:42:46+00:00,ArtBlocks,1.40,1528.702,"<a href=""https://opensea.io/assets/0xa7d8d9ef8d8ce8992df33d8b8cf4aebabd5bd270/328000272/?ref=0x8F903cFC0Af3C2EC0d872c57538AF5e071544a57"" target=""_blank"" >View on OS</a>",OpenSea,\xe55c9,\x41e67
2022-06-29T17:42:13+00:00,ArtBlocks,1.45,1583.2985,"<a href=""https://opensea.io/assets/0xa7d8d9ef8d8ce8992df33d8b8cf4aebabd5bd270/328000060/?ref=0x8F903cFC0Af3C2EC0d872c57538AF5e071544a57"" target=""_blank"" >View on OS</a>",OpenSea,\xa69ed,\x6a674
2022-06-29T17:41:51+00:00,ArtBlocks,1.40,1528.702,"<a href=""https://opensea.io/assets/0xa7d8d9ef8d8ce8992df33d8b8cf4aebabd5bd270/328000334/?ref=0x8F903cFC0Af3C2EC0d872c57538AF5e071544a57"" target=""_blank"" >View on OS</a>",OpenSea,\x5bca4,\xe91c4
2022-06-29T17:41:51+00:00,ArtBlocks,1.49,1626.9757,"<a href=""https://opensea.io/assets/0xa7d8d9ef8d8ce8992df33d8b8cf4aebabd5bd270/328000183/?ref=0x8F903cFC0Af3C2EC0d872c57538AF5e071544a57"" target=""_blank"" >View on OS</a>",OpenSea,\x0fe2c,\xfe05e
2022-06-29T17:41:51+00:00,ArtBlocks,1.50,1637.895,"<a href=""https://opensea.io/assets/0xa7d8d9ef8d8ce8992df33d8b8cf4aebabd5bd270/328000273/?ref=0x8F903cFC0Af3C2EC0d872c57538AF5e071544a57"" target=""_blank"" >View on OS</a>",OpenSea,\x2caf7,\xdc295
2022-06-29T17:40:32+00:00,ArtBlocks,1.40,1528.702,"<a href=""https://opensea.io/assets/0xa7d8d9ef8d8ce8992df33d8b8cf4aebabd5bd270/328000241/?ref=0x8F903cFC0Af3C2EC0d872c57538AF5e071544a57"" target=""_blank"" >View on OS</a>",OpenSea,\x07646,\xcac36
2022-06-29T17:40:32+00:00,ArtBlocks,1.40,1528.702,"<a href=""https://opensea.io/assets/0xa7d8d9ef8d8ce8992df33d8b8cf4aebabd5bd270/328000337/?ref=0x8F903cFC0Af3C2EC0d872c57538AF5e071544a57"" target=""_blank"" >View on OS</a>",OpenSea,\x35e3c,\x7d432
2022-06-29T17:40:32+00:00,ArtBlocks,1.45,1583.2985,"<a href=""https://opensea.io/assets/0xa7d8d9ef8d8ce8992df33d8b8cf4aebabd5bd270/328000346/?ref=0x8F903cFC0Af3C2EC0d872c57538AF5e071544a57"" target=""_blank"" >View on OS</a>",OpenSea,\x0658a,\x728b3
2022-06-29T17:40:32+00:00,ArtBlocks,1.50,1637.895,"<a href=""https://opensea.io/assets/0xa7d8d9ef8d8ce8992df33d8b8cf4aebabd5bd270/328000250/?ref=0x8F903cFC0Af3C2EC0d872c57538AF5e071544a57"" target=""_blank"" >View on OS</a>",OpenSea,\x37d27,\x0b358
2022-06-29T17:40:32+00:00,ArtBlocks,4.00,4367.72,"<a href=""https://opensea.io/assets/0xa7d8d9ef8d8ce8992df33d8b8cf4aebabd5bd270/328000290/?ref=0x8F903cFC0Af3C2EC0d872c57538AF5e071544a57"" target=""_blank"" >View on OS</a>",OpenSea,\x42ad9,\xcd32f
2022-06-29T17:40:13+00:00,ArtBlocks,1.37,1491.57638,"<a href=""https://opensea.io/assets/0xa7d8d9ef8d8ce8992df33d8b8cf4aebabd5bd270/328000238/?ref=0x8F903cFC0Af3C2EC0d872c57538AF5e071544a57"" target=""_blank"" >View on OS</a>",OpenSea,\xb585b,\x93e1a
2022-06-29T17:39:34+00:00,ArtBlocks,1.38,1504.68921,"<a href=""https://opensea.io/assets/0xa7d8d9ef8d8ce8992df33d8b8cf4aebabd5bd270/328000336/?ref=0x8F903cFC0Af3C2EC0d872c57538AF5e071544a57"" target=""_blank"" >View on OS</a>",OpenSea,\x8d6dc,\x48458
2022-06-29T17:39:34+00:00,ArtBlocks,1.45,1584.4585,"<a href=""https://opensea.io/assets/0xa7d8d9ef8d8ce8992df33d8b8cf4aebabd5bd270/328000155/?ref=0x8F903cFC0Af3C2EC0d872c57538AF5e071544a57"" target=""_blank"" >View on OS</a>",OpenSea,\x26fef,\x6396e
2022-06-29T17:39:12+00:00,ArtBlocks,1.32,1442.4036,"<a href=""https://opensea.io/assets/0xa7d8d9ef8d8ce8992df33d8b8cf4aebabd5bd270/328000212/?ref=0x8F903cFC0Af3C2EC0d872c57538AF5e071544a57"" target=""_blank"" >View on OS</a>",OpenSea,\xfb938,\x4f7d8
2022-06-29T17:38:25+00:00,ArtBlocks,3.69,4032.1737,"<a href=""https://opensea.io/assets/0xa7d8d9ef8d8ce8992df33d8b8cf4aebabd5bd270/328000366/?ref=0x8F903cFC0Af3C2EC0d872c57538AF5e071544a57"" target=""_blank"" >View on OS</a>",OpenSea,\x56d72,\xb46d0
2022-06-29T17:37:57+00:00,ArtBlocks,1.30,1419.45627,"<a href=""https://opensea.io/assets/0xa7d8d9ef8d8ce8992df33d8b8cf4aebabd5bd270/328000350/?ref=0x8F903cFC0Af3C2EC0d872c57538AF5e071544a57"" target=""_blank"" >View on OS</a>",OpenSea,\xbb7c9,\x61e7e
2022-06-29T17:37:57+00:00,ArtBlocks,1.35,1475.1855,"<a href=""https://opensea.io/assets/0xa7d8d9ef8d8ce8992df33d8b8cf4aebabd5bd270/328000255/?ref=0x8F903cFC0Af3C2EC0d872c57538AF5e071544a57"" target=""_blank"" >View on OS</a>",OpenSea,\xeaf96,\x78e75
2022-06-29T17:37:06+00:00,ArtBlocks,1.33,1453.3309,"<a href=""https://opensea.io/assets/0xa7d8d9ef8d8ce8992df33d8b8cf4aebabd5bd270/328000170/?ref=0x8F903cFC0Af3C2EC0d872c57538AF5e071544a57"" target=""_blank"" >View on OS</a>",OpenSea,\xb99ea,\x3612b
2022-06-29T17:36:22+00:00,ArtBlocks,1.30,1419.45627,"<a href=""https://opensea.io/assets/0xa7d8d9ef8d8ce8992df33d8b8cf4aebabd5bd270/328000298/?ref=0x8F903cFC0Af3C2EC0d872c57538AF5e071544a57"" target=""_blank"" >View on OS</a>",OpenSea,\xbb7c9,\xcd32f
2022-06-29T17:36:00+00:00,ArtBlocks,1.30,1420.549,"<a href=""https://opensea.io/assets/0xa7d8d9ef8d8ce8992df33d8b8cf4aebabd5bd270/328000206/?ref=0x8F903cFC0Af3C2EC0d872c57538AF5e071544a57"" target=""_blank"" >View on OS</a>",OpenSea,\xeaf96,\xd1cef
2022-06-29T17:35:34+00:00,ArtBlocks,1.35,1477.197,"<a href=""https://opensea.io/assets/0xa7d8d9ef8d8ce8992df33d8b8cf4aebabd5bd270/328000173/?ref=0x8F903cFC0Af3C2EC0d872c57538AF5e071544a57"" target=""_blank"" >View on OS</a>",OpenSea,\xe8616,\xcd32f
2022-06-29T17:35:10+00:00,ArtBlocks,1.49,1628.19936,"<a href=""https://opensea.io/assets/0xa7d8d9ef8d8ce8992df33d8b8cf4aebabd5bd270/328000283/?ref=0x8F903cFC0Af3C2EC0d872c57538AF5e071544a57"" target=""_blank"" >View on OS</a>",OpenSea,\x240cf,\x1af95
