block_time,project_addresss,eth_price,usd_price,link,platform,seller,buyer
"2022-07-28 20:03:58",ArtBlocks,2.29,3959.0894,"<a href=""https://opensea.io/assets/0xa7d8d9ef8d8ce8992df33d8b8cf4aebabd5bd270/333000015/?ref=0x8F903cFC0Af3C2EC0d872c57538AF5e071544a57"" target=""_blank"" >View on OS</a>",OpenSea,\xba0b0,\xa5fd7
"2022-07-28 18:49:32",ArtBlocks,2.15,,"<a href=""https://opensea.io/assets/0xa7d8d9ef8d8ce8992df33d8b8cf4aebabd5bd270/333000147/?ref=0x8F903cFC0Af3C2EC0d872c57538AF5e071544a57"" target=""_blank"" >View on OS</a>",OpenSea,\x3f3e2,\x53dda
"2022-07-28 18:37:24",ArtBlocks,1.90,,"<a href=""https://opensea.io/assets/0xa7d8d9ef8d8ce8992df33d8b8cf4aebabd5bd270/333000120/?ref=0x8F903cFC0Af3C2EC0d872c57538AF5e071544a57"" target=""_blank"" >View on OS</a>",OpenSea,\xbf0cd,\x95298
"2022-07-28 18:29:41",ArtBlocks,2.29,,"<a href=""https://opensea.io/assets/0xa7d8d9ef8d8ce8992df33d8b8cf4aebabd5bd270/333000441/?ref=0x8F903cFC0Af3C2EC0d872c57538AF5e071544a57"" target=""_blank"" >View on OS</a>",OpenSea,\x5fd2c,\x0f02b
"2022-07-28 18:00:49",ArtBlocks,3.80,6590.416,"<a href=""https://opensea.io/assets/0xa7d8d9ef8d8ce8992df33d8b8cf4aebabd5bd270/333000465/?ref=0x8F903cFC0Af3C2EC0d872c57538AF5e071544a57"" target=""_blank"" >View on OS</a>",OpenSea,\x4c54d,\xb9da9
"2022-07-28 17:58:07",ArtBlocks,1.60,2774.912,"<a href=""https://opensea.io/assets/0xa7d8d9ef8d8ce8992df33d8b8cf4aebabd5bd270/333000452/?ref=0x8F903cFC0Af3C2EC0d872c57538AF5e071544a57"" target=""_blank"" >View on OS</a>",OpenSea,\x5e176,\x80dde
"2022-07-28 17:34:34",ArtBlocks,3.00,5187.48,"<a href=""https://opensea.io/assets/0xa7d8d9ef8d8ce8992df33d8b8cf4aebabd5bd270/333000378/?ref=0x8F903cFC0Af3C2EC0d872c57538AF5e071544a57"" target=""_blank"" >View on OS</a>",OpenSea,\x7fcf1,\x8e02c
"2022-07-28 17:32:52",ArtBlocks,2.50,4322.9,"<a href=""https://opensea.io/assets/0xa7d8d9ef8d8ce8992df33d8b8cf4aebabd5bd270/333000332/?ref=0x8F903cFC0Af3C2EC0d872c57538AF5e071544a57"" target=""_blank"" >View on OS</a>",OpenSea,\x5e25d,\x3fa5b
"2022-07-28 16:16:33",ArtBlocks,1.66,,"<a href=""https://opensea.io/assets/0xa7d8d9ef8d8ce8992df33d8b8cf4aebabd5bd270/333000164/?ref=0x8F903cFC0Af3C2EC0d872c57538AF5e071544a57"" target=""_blank"" >View on OS</a>",OpenSea,\xf3cfa,\x98e84
"2022-07-28 16:02:52",ArtBlocks,2.30,3946.8,"<a href=""https://opensea.io/assets/0xa7d8d9ef8d8ce8992df33d8b8cf4aebabd5bd270/333000324/?ref=0x8F903cFC0Af3C2EC0d872c57538AF5e071544a57"" target=""_blank"" >View on OS</a>",OpenSea,\xd0a51,\xf8579
"2022-07-28 16:00:11",ArtBlocks,2.18,3739.79,"<a href=""https://opensea.io/assets/0xa7d8d9ef8d8ce8992df33d8b8cf4aebabd5bd270/333000213/?ref=0x8F903cFC0Af3C2EC0d872c57538AF5e071544a57"" target=""_blank"" >View on OS</a>",OpenSea,\xd512f,\xf8579
"2022-07-28 15:41:35",ArtBlocks,3.33,5647.347,"<a href=""https://opensea.io/assets/0xa7d8d9ef8d8ce8992df33d8b8cf4aebabd5bd270/333000387/?ref=0x8F903cFC0Af3C2EC0d872c57538AF5e071544a57"" target=""_blank"" >View on OS</a>",OpenSea,\xe74ca,\x3dbf7
"2022-07-28 15:10:05",ArtBlocks,2.19,,"<a href=""https://opensea.io/assets/0xa7d8d9ef8d8ce8992df33d8b8cf4aebabd5bd270/333000488/?ref=0x8F903cFC0Af3C2EC0d872c57538AF5e071544a57"" target=""_blank"" >View on OS</a>",OpenSea,\x9ee73,\x31f90
"2022-07-28 15:03:50",ArtBlocks,2.14,,"<a href=""https://opensea.io/assets/0xa7d8d9ef8d8ce8992df33d8b8cf4aebabd5bd270/333000352/?ref=0x8F903cFC0Af3C2EC0d872c57538AF5e071544a57"" target=""_blank"" >View on OS</a>",OpenSea,\x9ed6c,\x3dbf7
"2022-07-28 14:37:02",ArtBlocks,2.22,,"<a href=""https://opensea.io/assets/0xa7d8d9ef8d8ce8992df33d8b8cf4aebabd5bd270/333000072/?ref=0x8F903cFC0Af3C2EC0d872c57538AF5e071544a57"" target=""_blank"" >View on OS</a>",OpenSea,\x23291,\x23787
"2022-07-28 14:32:41",ArtBlocks,2.22,,"<a href=""https://opensea.io/assets/0xa7d8d9ef8d8ce8992df33d8b8cf4aebabd5bd270/333000474/?ref=0x8F903cFC0Af3C2EC0d872c57538AF5e071544a57"" target=""_blank"" >View on OS</a>",OpenSea,\xf8b27,\x23787
"2022-07-28 13:30:26",ArtBlocks,2.37,3907.7982,"<a href=""https://opensea.io/assets/0xa7d8d9ef8d8ce8992df33d8b8cf4aebabd5bd270/333000494/?ref=0x8F903cFC0Af3C2EC0d872c57538AF5e071544a57"" target=""_blank"" >View on OS</a>",OpenSea,\x30a6e,\xa5430
"2022-07-28 13:25:17",ArtBlocks,1.65,2711.6265,"<a href=""https://opensea.io/assets/0xa7d8d9ef8d8ce8992df33d8b8cf4aebabd5bd270/333000190/?ref=0x8F903cFC0Af3C2EC0d872c57538AF5e071544a57"" target=""_blank"" >View on OS</a>",OpenSea,\xe5e83,\x3e0fe
"2022-07-28 13:13:35",ArtBlocks,1.79,2919.0246,"<a href=""https://opensea.io/assets/0xa7d8d9ef8d8ce8992df33d8b8cf4aebabd5bd270/333000018/?ref=0x8F903cFC0Af3C2EC0d872c57538AF5e071544a57"" target=""_blank"" >View on OS</a>",OpenSea,\xc2633,\x464f6
"2022-07-28 13:09:48",ArtBlocks,1.59,,"<a href=""https://opensea.io/assets/0xa7d8d9ef8d8ce8992df33d8b8cf4aebabd5bd270/333000228/?ref=0x8F903cFC0Af3C2EC0d872c57538AF5e071544a57"" target=""_blank"" >View on OS</a>",OpenSea,\xe5e83,\x6b6ae
"2022-07-28 13:07:59",ArtBlocks,1.98,,"<a href=""https://opensea.io/assets/0xa7d8d9ef8d8ce8992df33d8b8cf4aebabd5bd270/333000013/?ref=0x8F903cFC0Af3C2EC0d872c57538AF5e071544a57"" target=""_blank"" >View on OS</a>",OpenSea,\x95729,\x6b6ae
"2022-07-28 13:01:39",ArtBlocks,2.10,,"<a href=""https://opensea.io/assets/0xa7d8d9ef8d8ce8992df33d8b8cf4aebabd5bd270/333000183/?ref=0x8F903cFC0Af3C2EC0d872c57538AF5e071544a57"" target=""_blank"" >View on OS</a>",OpenSea,\x644d1,\xc35a5
"2022-07-28 12:48:21",ArtBlocks,1.94,,"<a href=""https://opensea.io/assets/0xa7d8d9ef8d8ce8992df33d8b8cf4aebabd5bd270/333000356/?ref=0x8F903cFC0Af3C2EC0d872c57538AF5e071544a57"" target=""_blank"" >View on OS</a>",OpenSea,\xd7dea,\x7d426
"2022-07-28 12:48:08",ArtBlocks,1.58,,"<a href=""https://opensea.io/assets/0xa7d8d9ef8d8ce8992df33d8b8cf4aebabd5bd270/333000126/?ref=0x8F903cFC0Af3C2EC0d872c57538AF5e071544a57"" target=""_blank"" >View on OS</a>",OpenSea,\xcbf3c,\xeb9f8
"2022-07-28 12:28:07",ArtBlocks,1.58,2565.6198,"<a href=""https://opensea.io/assets/0xa7d8d9ef8d8ce8992df33d8b8cf4aebabd5bd270/333000203/?ref=0x8F903cFC0Af3C2EC0d872c57538AF5e071544a57"" target=""_blank"" >View on OS</a>",OpenSea,\xcbf3c,\x2a531
"2022-07-28 12:21:23",ArtBlocks,1.60,2602.96,"<a href=""https://opensea.io/assets/0xa7d8d9ef8d8ce8992df33d8b8cf4aebabd5bd270/333000390/?ref=0x8F903cFC0Af3C2EC0d872c57538AF5e071544a57"" target=""_blank"" >View on OS</a>",OpenSea,\xd22f4,\x259f9
"2022-07-28 12:19:55",ArtBlocks,1.60,2609.712,"<a href=""https://opensea.io/assets/0xa7d8d9ef8d8ce8992df33d8b8cf4aebabd5bd270/333000490/?ref=0x8F903cFC0Af3C2EC0d872c57538AF5e071544a57"" target=""_blank"" >View on OS</a>",OpenSea,\x26fef,\x259f9
"2022-07-28 11:28:48",ArtBlocks,1.70,2762.228,"<a href=""https://opensea.io/assets/0xa7d8d9ef8d8ce8992df33d8b8cf4aebabd5bd270/333000440/?ref=0x8F903cFC0Af3C2EC0d872c57538AF5e071544a57"" target=""_blank"" >View on OS</a>",OpenSea,\x5b1ca,\xc35a5
"2022-07-28 09:17:16",ArtBlocks,1.49,2419.2683,"<a href=""https://opensea.io/assets/0xa7d8d9ef8d8ce8992df33d8b8cf4aebabd5bd270/333000087/?ref=0x8F903cFC0Af3C2EC0d872c57538AF5e071544a57"" target=""_blank"" >View on OS</a>",OpenSea,\xfa89e,\xb9498
"2022-07-28 09:13:56",ArtBlocks,2.35,3815.366,"<a href=""https://opensea.io/assets/0xa7d8d9ef8d8ce8992df33d8b8cf4aebabd5bd270/333000236/?ref=0x8F903cFC0Af3C2EC0d872c57538AF5e071544a57"" target=""_blank"" >View on OS</a>",OpenSea,\x14df4,\x44ddf
"2022-07-28 08:56:04",ArtBlocks,2.30,3742.422,"<a href=""https://opensea.io/assets/0xa7d8d9ef8d8ce8992df33d8b8cf4aebabd5bd270/333000062/?ref=0x8F903cFC0Af3C2EC0d872c57538AF5e071544a57"" target=""_blank"" >View on OS</a>",OpenSea,\x0d411,\xab408
"2022-07-28 08:28:42",ArtBlocks,1.70,2759.899,"<a href=""https://opensea.io/assets/0xa7d8d9ef8d8ce8992df33d8b8cf4aebabd5bd270/333000327/?ref=0x8F903cFC0Af3C2EC0d872c57538AF5e071544a57"" target=""_blank"" >View on OS</a>",OpenSea,\xc55e4,\xcab81
"2022-07-28 07:42:36",ArtBlocks,1.49,2429.4003,"<a href=""https://opensea.io/assets/0xa7d8d9ef8d8ce8992df33d8b8cf4aebabd5bd270/333000085/?ref=0x8F903cFC0Af3C2EC0d872c57538AF5e071544a57"" target=""_blank"" >View on OS</a>",OpenSea,\xfa89e,\xf3860
"2022-07-28 07:40:40",ArtBlocks,1.50,2446.5,"<a href=""https://opensea.io/assets/0xa7d8d9ef8d8ce8992df33d8b8cf4aebabd5bd270/333000388/?ref=0x8F903cFC0Af3C2EC0d872c57538AF5e071544a57"" target=""_blank"" >View on OS</a>",OpenSea,\x73a1b,\xf3860
"2022-07-28 07:39:46",ArtBlocks,1.60,2609.6,"<a href=""https://opensea.io/assets/0xa7d8d9ef8d8ce8992df33d8b8cf4aebabd5bd270/333000061/?ref=0x8F903cFC0Af3C2EC0d872c57538AF5e071544a57"" target=""_blank"" >View on OS</a>",OpenSea,\xf8c84,\xf3860
"2022-07-28 07:37:56",ArtBlocks,2.00,3262,"<a href=""https://opensea.io/assets/0xa7d8d9ef8d8ce8992df33d8b8cf4aebabd5bd270/333000354/?ref=0x8F903cFC0Af3C2EC0d872c57538AF5e071544a57"" target=""_blank"" >View on OS</a>",OpenSea,\xd7dea,\xf3860
"2022-07-28 05:32:39",ArtBlocks,1.55,2535.769,"<a href=""https://opensea.io/assets/0xa7d8d9ef8d8ce8992df33d8b8cf4aebabd5bd270/333000249/?ref=0x8F903cFC0Af3C2EC0d872c57538AF5e071544a57"" target=""_blank"" >View on OS</a>",OpenSea,\xead66,\xab408
"2022-07-28 04:37:18",ArtBlocks,1.50,2456.46,"<a href=""https://opensea.io/assets/0xa7d8d9ef8d8ce8992df33d8b8cf4aebabd5bd270/333000096/?ref=0x8F903cFC0Af3C2EC0d872c57538AF5e071544a57"" target=""_blank"" >View on OS</a>",OpenSea,\x58445,\x97aeb
"2022-07-28 03:33:29",ArtBlocks,1.49,2458.6341,"<a href=""https://opensea.io/assets/0xa7d8d9ef8d8ce8992df33d8b8cf4aebabd5bd270/333000431/?ref=0x8F903cFC0Af3C2EC0d872c57538AF5e071544a57"" target=""_blank"" >View on OS</a>",OpenSea,\xbc512,\xc8a27
"2022-07-28 03:25:02",ArtBlocks,2.30,3807.834,"<a href=""https://opensea.io/assets/0xa7d8d9ef8d8ce8992df33d8b8cf4aebabd5bd270/333000165/?ref=0x8F903cFC0Af3C2EC0d872c57538AF5e071544a57"" target=""_blank"" >View on OS</a>",OpenSea,\xf3cfa,\x7e6d4
"2022-07-28 02:58:15",ArtBlocks,1.75,2892.715,"<a href=""https://opensea.io/assets/0xa7d8d9ef8d8ce8992df33d8b8cf4aebabd5bd270/333000188/?ref=0x8F903cFC0Af3C2EC0d872c57538AF5e071544a57"" target=""_blank"" >View on OS</a>",OpenSea,\xe5e83,\x06074
"2022-07-28 01:50:57",ArtBlocks,2.30,3705.829,"<a href=""https://opensea.io/assets/0xa7d8d9ef8d8ce8992df33d8b8cf4aebabd5bd270/333000151/?ref=0x8F903cFC0Af3C2EC0d872c57538AF5e071544a57"" target=""_blank"" >View on OS</a>",OpenSea,\x2d316,\x50e2f
"2022-07-28 01:33:19",ArtBlocks,1.70,2736.524,"<a href=""https://opensea.io/assets/0xa7d8d9ef8d8ce8992df33d8b8cf4aebabd5bd270/333000211/?ref=0x8F903cFC0Af3C2EC0d872c57538AF5e071544a57"" target=""_blank"" >View on OS</a>",OpenSea,\x34242,\x2a193
"2022-07-28 01:06:41",ArtBlocks,1.60,2577.952,"<a href=""https://opensea.io/assets/0xa7d8d9ef8d8ce8992df33d8b8cf4aebabd5bd270/333000379/?ref=0x8F903cFC0Af3C2EC0d872c57538AF5e071544a57"" target=""_blank"" >View on OS</a>",OpenSea,\xba45e,\xefae2
"2022-07-28 00:48:53",ArtBlocks,2.30,3719.261,"<a href=""https://opensea.io/assets/0xa7d8d9ef8d8ce8992df33d8b8cf4aebabd5bd270/333000372/?ref=0x8F903cFC0Af3C2EC0d872c57538AF5e071544a57"" target=""_blank"" >View on OS</a>",OpenSea,\xa9976,\xfd3d3
"2022-07-28 00:20:32",ArtBlocks,2.35,3807.6815,"<a href=""https://opensea.io/assets/0xa7d8d9ef8d8ce8992df33d8b8cf4aebabd5bd270/333000275/?ref=0x8F903cFC0Af3C2EC0d872c57538AF5e071544a57"" target=""_blank"" >View on OS</a>",OpenSea,\x37a21,\x2c07c
"2022-07-28 00:19:21",ArtBlocks,1.75,2836.435,"<a href=""https://opensea.io/assets/0xa7d8d9ef8d8ce8992df33d8b8cf4aebabd5bd270/333000216/?ref=0x8F903cFC0Af3C2EC0d872c57538AF5e071544a57"" target=""_blank"" >View on OS</a>",OpenSea,\x26d7b,\xe6859
"2022-07-28 00:16:03",ArtBlocks,1.70,2755.394,"<a href=""https://opensea.io/assets/0xa7d8d9ef8d8ce8992df33d8b8cf4aebabd5bd270/333000036/?ref=0x8F903cFC0Af3C2EC0d872c57538AF5e071544a57"" target=""_blank"" >View on OS</a>",OpenSea,\x43c27,\x33e3c
"2022-07-27 22:51:23",ArtBlocks,2.69,4368.1834,"<a href=""https://opensea.io/assets/0xa7d8d9ef8d8ce8992df33d8b8cf4aebabd5bd270/333000280/?ref=0x8F903cFC0Af3C2EC0d872c57538AF5e071544a57"" target=""_blank"" >View on OS</a>",OpenSea,\x0acd3,\xb890f
"2022-07-27 22:49:30",ArtBlocks,2.00,3246.34,"<a href=""https://opensea.io/assets/0xa7d8d9ef8d8ce8992df33d8b8cf4aebabd5bd270/333000108/?ref=0x8F903cFC0Af3C2EC0d872c57538AF5e071544a57"" target=""_blank"" >View on OS</a>",OpenSea,\x9a253,\xb890f
"2022-07-27 22:41:49",ArtBlocks,1.99,3227.2626,"<a href=""https://opensea.io/assets/0xa7d8d9ef8d8ce8992df33d8b8cf4aebabd5bd270/333000045/?ref=0x8F903cFC0Af3C2EC0d872c57538AF5e071544a57"" target=""_blank"" >View on OS</a>",OpenSea,\xd75a5,\x8453a
"2022-07-27 22:39:09",ArtBlocks,1.94,3148.7364,"<a href=""https://opensea.io/assets/0xa7d8d9ef8d8ce8992df33d8b8cf4aebabd5bd270/333000122/?ref=0x8F903cFC0Af3C2EC0d872c57538AF5e071544a57"" target=""_blank"" >View on OS</a>",OpenSea,\x97aeb,\xc7d7f
"2022-07-27 22:07:52",ArtBlocks,1.75,2815.6275,"<a href=""https://opensea.io/assets/0xa7d8d9ef8d8ce8992df33d8b8cf4aebabd5bd270/333000283/?ref=0x8F903cFC0Af3C2EC0d872c57538AF5e071544a57"" target=""_blank"" >View on OS</a>",OpenSea,\x65b6b,\x38de2
"2022-07-27 22:07:44",ArtBlocks,1.63,2622.5559,"<a href=""https://opensea.io/assets/0xa7d8d9ef8d8ce8992df33d8b8cf4aebabd5bd270/333000141/?ref=0x8F903cFC0Af3C2EC0d872c57538AF5e071544a57"" target=""_blank"" >View on OS</a>",OpenSea,\x3ee98,\x38de2
"2022-07-27 22:07:29",ArtBlocks,1.55,2493.8415,"<a href=""https://opensea.io/assets/0xa7d8d9ef8d8ce8992df33d8b8cf4aebabd5bd270/333000330/?ref=0x8F903cFC0Af3C2EC0d872c57538AF5e071544a57"" target=""_blank"" >View on OS</a>",OpenSea,\xc55e4,\x38de2
"2022-07-27 22:06:11",ArtBlocks,1.49,2397.3057,"<a href=""https://opensea.io/assets/0xa7d8d9ef8d8ce8992df33d8b8cf4aebabd5bd270/333000261/?ref=0x8F903cFC0Af3C2EC0d872c57538AF5e071544a57"" target=""_blank"" >View on OS</a>",OpenSea,\x53a6a,\x38de2
"2022-07-27 21:43:37",ArtBlocks,1.66,2660.565,"<a href=""https://opensea.io/assets/0xa7d8d9ef8d8ce8992df33d8b8cf4aebabd5bd270/333000186/?ref=0x8F903cFC0Af3C2EC0d872c57538AF5e071544a57"" target=""_blank"" >View on OS</a>",OpenSea,\xe5e83,\x1c962
"2022-07-27 21:36:27",ArtBlocks,1.54,2455.5762,"<a href=""https://opensea.io/assets/0xa7d8d9ef8d8ce8992df33d8b8cf4aebabd5bd270/333000386/?ref=0x8F903cFC0Af3C2EC0d872c57538AF5e071544a57"" target=""_blank"" >View on OS</a>",OpenSea,\x616ed,\x547eb
"2022-07-27 21:20:48",ArtBlocks,1.80,2882.376,"<a href=""https://opensea.io/assets/0xa7d8d9ef8d8ce8992df33d8b8cf4aebabd5bd270/333000068/?ref=0x8F903cFC0Af3C2EC0d872c57538AF5e071544a57"" target=""_blank"" >View on OS</a>",OpenSea,\xba45e,\x2d5e0
"2022-07-27 21:18:25",ArtBlocks,2.20,3522.904,"<a href=""https://opensea.io/assets/0xa7d8d9ef8d8ce8992df33d8b8cf4aebabd5bd270/333000016/?ref=0x8F903cFC0Af3C2EC0d872c57538AF5e071544a57"" target=""_blank"" >View on OS</a>",OpenSea,\xa4ded,\x2ee86
"2022-07-27 21:13:57",ArtBlocks,2.15,3442.8595,"<a href=""https://opensea.io/assets/0xa7d8d9ef8d8ce8992df33d8b8cf4aebabd5bd270/333000402/?ref=0x8F903cFC0Af3C2EC0d872c57538AF5e071544a57"" target=""_blank"" >View on OS</a>",OpenSea,\x2ebe0,\xfd3d3
"2022-07-27 21:11:39",ArtBlocks,1.62,2594.1546,"<a href=""https://opensea.io/assets/0xa7d8d9ef8d8ce8992df33d8b8cf4aebabd5bd270/333000084/?ref=0x8F903cFC0Af3C2EC0d872c57538AF5e071544a57"" target=""_blank"" >View on OS</a>",OpenSea,\xbe7bd,\xb9498
"2022-07-27 20:59:32",ArtBlocks,1.39,2229.0179,"<a href=""https://opensea.io/assets/0xa7d8d9ef8d8ce8992df33d8b8cf4aebabd5bd270/333000461/?ref=0x8F903cFC0Af3C2EC0d872c57538AF5e071544a57"" target=""_blank"" >View on OS</a>",OpenSea,\xda73d,\x35886
"2022-07-27 20:57:19",ArtBlocks,1.48,2373.3428,"<a href=""https://opensea.io/assets/0xa7d8d9ef8d8ce8992df33d8b8cf4aebabd5bd270/333000279/?ref=0x8F903cFC0Af3C2EC0d872c57538AF5e071544a57"" target=""_blank"" >View on OS</a>",OpenSea,\xf0753,\x6519e
"2022-07-27 20:56:26",ArtBlocks,1.60,2565.776,"<a href=""https://opensea.io/assets/0xa7d8d9ef8d8ce8992df33d8b8cf4aebabd5bd270/333000435/?ref=0x8F903cFC0Af3C2EC0d872c57538AF5e071544a57"" target=""_blank"" >View on OS</a>",OpenSea,\x36a30,\x92333
"2022-07-27 20:54:26",ArtBlocks,1.60,2568.08,"<a href=""https://opensea.io/assets/0xa7d8d9ef8d8ce8992df33d8b8cf4aebabd5bd270/333000485/?ref=0x8F903cFC0Af3C2EC0d872c57538AF5e071544a57"" target=""_blank"" >View on OS</a>",OpenSea,\x3d49b,\x7ac55
"2022-07-27 20:51:54",ArtBlocks,2.59,4157.0795,"<a href=""https://opensea.io/assets/0xa7d8d9ef8d8ce8992df33d8b8cf4aebabd5bd270/333000427/?ref=0x8F903cFC0Af3C2EC0d872c57538AF5e071544a57"" target=""_blank"" >View on OS</a>",OpenSea,\x5fd2c,\xfdbf0
"2022-07-27 20:44:03",ArtBlocks,1.45,2322.7695,"<a href=""https://opensea.io/assets/0xa7d8d9ef8d8ce8992df33d8b8cf4aebabd5bd270/333000107/?ref=0x8F903cFC0Af3C2EC0d872c57538AF5e071544a57"" target=""_blank"" >View on OS</a>",OpenSea,\xb9b42,\x9d7ab
"2022-07-27 20:16:46",ArtBlocks,2.65,4223.199,"<a href=""https://opensea.io/assets/0xa7d8d9ef8d8ce8992df33d8b8cf4aebabd5bd270/333000212/?ref=0x8F903cFC0Af3C2EC0d872c57538AF5e071544a57"" target=""_blank"" >View on OS</a>",OpenSea,\x5fd2c,\x6403d
"2022-07-27 20:12:40",ArtBlocks,2.90,4623.789,"<a href=""https://opensea.io/assets/0xa7d8d9ef8d8ce8992df33d8b8cf4aebabd5bd270/333000178/?ref=0x8F903cFC0Af3C2EC0d872c57538AF5e071544a57"" target=""_blank"" >View on OS</a>",OpenSea,\x644d1,\x3d9fe
"2022-07-27 20:03:49",ArtBlocks,3.50,5576.06,"<a href=""https://opensea.io/assets/0xa7d8d9ef8d8ce8992df33d8b8cf4aebabd5bd270/333000366/?ref=0x8F903cFC0Af3C2EC0d872c57538AF5e071544a57"" target=""_blank"" >View on OS</a>",OpenSea,\xa4ded,\x6403d
"2022-07-27 19:57:38",ArtBlocks,2.37,3769.5798,"<a href=""https://opensea.io/assets/0xa7d8d9ef8d8ce8992df33d8b8cf4aebabd5bd270/333000460/?ref=0x8F903cFC0Af3C2EC0d872c57538AF5e071544a57"" target=""_blank"" >View on OS</a>",OpenSea,\xaeb3f,\x6403d
"2022-07-27 19:50:19",ArtBlocks,1.80,2865.402,"<a href=""https://opensea.io/assets/0xa7d8d9ef8d8ce8992df33d8b8cf4aebabd5bd270/333000119/?ref=0x8F903cFC0Af3C2EC0d872c57538AF5e071544a57"" target=""_blank"" >View on OS</a>",OpenSea,\xba45e,\x28b0e
"2022-07-27 19:45:01",ArtBlocks,1.65,2626.9485,"<a href=""https://opensea.io/assets/0xa7d8d9ef8d8ce8992df33d8b8cf4aebabd5bd270/333000145/?ref=0x8F903cFC0Af3C2EC0d872c57538AF5e071544a57"" target=""_blank"" >View on OS</a>",OpenSea,\x9d528,\x0da88
"2022-07-27 19:43:25",ArtBlocks,4.44,7068.8796,"<a href=""https://opensea.io/assets/0xa7d8d9ef8d8ce8992df33d8b8cf4aebabd5bd270/333000486/?ref=0x8F903cFC0Af3C2EC0d872c57538AF5e071544a57"" target=""_blank"" >View on OS</a>",OpenSea,\x3d49b,\x55613
"2022-07-27 19:42:01",ArtBlocks,1.62,2579.1858,"<a href=""https://opensea.io/assets/0xa7d8d9ef8d8ce8992df33d8b8cf4aebabd5bd270/333000328/?ref=0x8F903cFC0Af3C2EC0d872c57538AF5e071544a57"" target=""_blank"" >View on OS</a>",OpenSea,\xc55e4,\xb3479
"2022-07-27 19:36:41",ArtBlocks,1.80,2866.338,"<a href=""https://opensea.io/assets/0xa7d8d9ef8d8ce8992df33d8b8cf4aebabd5bd270/333000109/?ref=0x8F903cFC0Af3C2EC0d872c57538AF5e071544a57"" target=""_blank"" >View on OS</a>",OpenSea,\x5532f,\x912b3
"2022-07-27 19:34:12",ArtBlocks,1.60,2551.216,"<a href=""https://opensea.io/assets/0xa7d8d9ef8d8ce8992df33d8b8cf4aebabd5bd270/333000121/?ref=0x8F903cFC0Af3C2EC0d872c57538AF5e071544a57"" target=""_blank"" >View on OS</a>",OpenSea,\xa86f8,\x89c2d
"2022-07-27 19:34:12",ArtBlocks,2.00,3189.02,"<a href=""https://opensea.io/assets/0xa7d8d9ef8d8ce8992df33d8b8cf4aebabd5bd270/333000159/?ref=0x8F903cFC0Af3C2EC0d872c57538AF5e071544a57"" target=""_blank"" >View on OS</a>",OpenSea,\x94db5,\xe6859
"2022-07-27 19:33:21",ArtBlocks,1.69,2694.7219,"<a href=""https://opensea.io/assets/0xa7d8d9ef8d8ce8992df33d8b8cf4aebabd5bd270/333000146/?ref=0x8F903cFC0Af3C2EC0d872c57538AF5e071544a57"" target=""_blank"" >View on OS</a>",OpenSea,\x036d7,\xa081a
"2022-07-27 19:27:53",ArtBlocks,1.88,3000.6116,"<a href=""https://opensea.io/assets/0xa7d8d9ef8d8ce8992df33d8b8cf4aebabd5bd270/333000111/?ref=0x8F903cFC0Af3C2EC0d872c57538AF5e071544a57"" target=""_blank"" >View on OS</a>",OpenSea,\xa9194,\x0a766
"2022-07-27 19:12:01",ArtBlocks,3.99,6327.741,"<a href=""https://opensea.io/assets/0xa7d8d9ef8d8ce8992df33d8b8cf4aebabd5bd270/333000076/?ref=0x8F903cFC0Af3C2EC0d872c57538AF5e071544a57"" target=""_blank"" >View on OS</a>",OpenSea,\x727f7,\xb890f
"2022-07-27 19:04:15",ArtBlocks,1.74,2747.547,"<a href=""https://opensea.io/assets/0xa7d8d9ef8d8ce8992df33d8b8cf4aebabd5bd270/333000478/?ref=0x8F903cFC0Af3C2EC0d872c57538AF5e071544a57"" target=""_blank"" >View on OS</a>",OpenSea,\xdf3fb,\xd3e2e
"2022-07-27 19:00:52",ArtBlocks,1.80,2834.514,"<a href=""https://opensea.io/assets/0xa7d8d9ef8d8ce8992df33d8b8cf4aebabd5bd270/333000103/?ref=0x8F903cFC0Af3C2EC0d872c57538AF5e071544a57"" target=""_blank"" >View on OS</a>",OpenSea,\xc73fa,\x559c4
"2022-07-27 19:00:52",ArtBlocks,1.95,3070.7235,"<a href=""https://opensea.io/assets/0xa7d8d9ef8d8ce8992df33d8b8cf4aebabd5bd270/333000371/?ref=0x8F903cFC0Af3C2EC0d872c57538AF5e071544a57"" target=""_blank"" >View on OS</a>",OpenSea,\x65b6b,\x2ca86
"2022-07-27 18:56:59",ArtBlocks,2.99,4708.4427,"<a href=""https://opensea.io/assets/0xa7d8d9ef8d8ce8992df33d8b8cf4aebabd5bd270/333000467/?ref=0x8F903cFC0Af3C2EC0d872c57538AF5e071544a57"" target=""_blank"" >View on OS</a>",OpenSea,\x67dac,\xb890f
"2022-07-27 18:38:42",ArtBlocks,4.99,7728.7615,"<a href=""https://opensea.io/assets/0xa7d8d9ef8d8ce8992df33d8b8cf4aebabd5bd270/333000262/?ref=0x8F903cFC0Af3C2EC0d872c57538AF5e071544a57"" target=""_blank"" >View on OS</a>",OpenSea,\x4f85b,\xaa52c
"2022-07-27 18:37:26",ArtBlocks,3.00,4646.55,"<a href=""https://opensea.io/assets/0xa7d8d9ef8d8ce8992df33d8b8cf4aebabd5bd270/333000086/?ref=0x8F903cFC0Af3C2EC0d872c57538AF5e071544a57"" target=""_blank"" >View on OS</a>",OpenSea,\xfa89e,\x30e5b
"2022-07-27 18:37:00",ArtBlocks,1.87,2896.3495,"<a href=""https://opensea.io/assets/0xa7d8d9ef8d8ce8992df33d8b8cf4aebabd5bd270/333000361/?ref=0x8F903cFC0Af3C2EC0d872c57538AF5e071544a57"" target=""_blank"" >View on OS</a>",OpenSea,\x76b1f,\x2ee86
"2022-07-27 18:32:38",ArtBlocks,2.24,3468.6176,"<a href=""https://opensea.io/assets/0xa7d8d9ef8d8ce8992df33d8b8cf4aebabd5bd270/333000122/?ref=0x8F903cFC0Af3C2EC0d872c57538AF5e071544a57"" target=""_blank"" >View on OS</a>",OpenSea,\xee956,\x97aeb
"2022-07-27 18:31:30",ArtBlocks,4.49,6952.7201,"<a href=""https://opensea.io/assets/0xa7d8d9ef8d8ce8992df33d8b8cf4aebabd5bd270/333000449/?ref=0x8F903cFC0Af3C2EC0d872c57538AF5e071544a57"" target=""_blank"" >View on OS</a>",OpenSea,\x7f37c,\x2a193
"2022-07-27 18:31:12",ArtBlocks,2.00,3096.98,"<a href=""https://opensea.io/assets/0xa7d8d9ef8d8ce8992df33d8b8cf4aebabd5bd270/333000466/?ref=0x8F903cFC0Af3C2EC0d872c57538AF5e071544a57"" target=""_blank"" >View on OS</a>",OpenSea,\x7cacf,\xadd40
"2022-07-27 18:28:16",ArtBlocks,2.00,3097.1,"<a href=""https://opensea.io/assets/0xa7d8d9ef8d8ce8992df33d8b8cf4aebabd5bd270/333000069/?ref=0x8F903cFC0Af3C2EC0d872c57538AF5e071544a57"" target=""_blank"" >View on OS</a>",OpenSea,\x7c134,\x2bcec
"2022-07-27 18:28:16",ArtBlocks,2.25,3484.2375,"<a href=""https://opensea.io/assets/0xa7d8d9ef8d8ce8992df33d8b8cf4aebabd5bd270/333000162/?ref=0x8F903cFC0Af3C2EC0d872c57538AF5e071544a57"" target=""_blank"" >View on OS</a>",OpenSea,\xbc512,\xdfea5
"2022-07-27 18:26:53",ArtBlocks,2.00,3097.1,"<a href=""https://opensea.io/assets/0xa7d8d9ef8d8ce8992df33d8b8cf4aebabd5bd270/333000108/?ref=0x8F903cFC0Af3C2EC0d872c57538AF5e071544a57"" target=""_blank"" >View on OS</a>",OpenSea,\x74dec,\x9a253
"2022-07-27 18:26:53",ArtBlocks,2.20,3406.81,"<a href=""https://opensea.io/assets/0xa7d8d9ef8d8ce8992df33d8b8cf4aebabd5bd270/333000115/?ref=0x8F903cFC0Af3C2EC0d872c57538AF5e071544a57"" target=""_blank"" >View on OS</a>",OpenSea,\xf02cd,\x501fd
"2022-07-27 18:25:11",ArtBlocks,2.00,3097.1,"<a href=""https://opensea.io/assets/0xa7d8d9ef8d8ce8992df33d8b8cf4aebabd5bd270/333000194/?ref=0x8F903cFC0Af3C2EC0d872c57538AF5e071544a57"" target=""_blank"" >View on OS</a>",OpenSea,\xe96f7,\x78ddf
"2022-07-27 18:25:11",ArtBlocks,2.20,3406.81,"<a href=""https://opensea.io/assets/0xa7d8d9ef8d8ce8992df33d8b8cf4aebabd5bd270/333000166/?ref=0x8F903cFC0Af3C2EC0d872c57538AF5e071544a57"" target=""_blank"" >View on OS</a>",OpenSea,\x1e74e,\x6396e
"2022-07-27 18:24:26",ArtBlocks,2.10,3241.455,"<a href=""https://opensea.io/assets/0xa7d8d9ef8d8ce8992df33d8b8cf4aebabd5bd270/333000263/?ref=0x8F903cFC0Af3C2EC0d872c57538AF5e071544a57"" target=""_blank"" >View on OS</a>",OpenSea,\xf9f65,\xdf817
"2022-07-27 18:24:26",ArtBlocks,2.20,3395.81,"<a href=""https://opensea.io/assets/0xa7d8d9ef8d8ce8992df33d8b8cf4aebabd5bd270/333000116/?ref=0x8F903cFC0Af3C2EC0d872c57538AF5e071544a57"" target=""_blank"" >View on OS</a>",OpenSea,\xf02cd,\x8eed4
"2022-07-27 18:24:00",ArtBlocks,2.19,3380.3745,"<a href=""https://opensea.io/assets/0xa7d8d9ef8d8ce8992df33d8b8cf4aebabd5bd270/333000447/?ref=0x8F903cFC0Af3C2EC0d872c57538AF5e071544a57"" target=""_blank"" >View on OS</a>",OpenSea,\x18d17,\x4a4f1
"2022-07-27 18:22:54",ArtBlocks,1.98,3056.229,"<a href=""https://opensea.io/assets/0xa7d8d9ef8d8ce8992df33d8b8cf4aebabd5bd270/333000019/?ref=0x8F903cFC0Af3C2EC0d872c57538AF5e071544a57"" target=""_blank"" >View on OS</a>",OpenSea,\x7c134,\x06160
"2022-07-27 18:22:25",ArtBlocks,1.88,2900.33045,"<a href=""https://opensea.io/assets/0xa7d8d9ef8d8ce8992df33d8b8cf4aebabd5bd270/333000084/?ref=0x8F903cFC0Af3C2EC0d872c57538AF5e071544a57"" target=""_blank"" >View on OS</a>",OpenSea,\x47c2a,\xbe7bd
"2022-07-27 18:21:34",ArtBlocks,1.80,2778.39,"<a href=""https://opensea.io/assets/0xa7d8d9ef8d8ce8992df33d8b8cf4aebabd5bd270/333000137/?ref=0x8F903cFC0Af3C2EC0d872c57538AF5e071544a57"" target=""_blank"" >View on OS</a>",OpenSea,\xaddcf,\x2c419
"2022-07-27 18:20:16",ArtBlocks,1.70,2618.85,"<a href=""https://opensea.io/assets/0xa7d8d9ef8d8ce8992df33d8b8cf4aebabd5bd270/333000351/?ref=0x8F903cFC0Af3C2EC0d872c57538AF5e071544a57"" target=""_blank"" >View on OS</a>",OpenSea,\xd5e8a,\x3961f
"2022-07-27 18:18:45",ArtBlocks,1.70,2618.85,"<a href=""https://opensea.io/assets/0xa7d8d9ef8d8ce8992df33d8b8cf4aebabd5bd270/333000251/?ref=0x8F903cFC0Af3C2EC0d872c57538AF5e071544a57"" target=""_blank"" >View on OS</a>",OpenSea,\xc45a4,\x08046
"2022-07-27 18:16:26",ArtBlocks,1.75,2695.875,"<a href=""https://opensea.io/assets/0xa7d8d9ef8d8ce8992df33d8b8cf4aebabd5bd270/333000231/?ref=0x8F903cFC0Af3C2EC0d872c57538AF5e071544a57"" target=""_blank"" >View on OS</a>",OpenSea,\x48198,\xeae51
"2022-07-27 18:15:08",ArtBlocks,6.42,9862.2114,"<a href=""https://opensea.io/assets/0xa7d8d9ef8d8ce8992df33d8b8cf4aebabd5bd270/333000191/?ref=0x8F903cFC0Af3C2EC0d872c57538AF5e071544a57"" target=""_blank"" >View on OS</a>",OpenSea,\xe5e83,\xaf5e6
"2022-07-27 18:12:17",ArtBlocks,1.99,3056.9783,"<a href=""https://opensea.io/assets/0xa7d8d9ef8d8ce8992df33d8b8cf4aebabd5bd270/333000034/?ref=0x8F903cFC0Af3C2EC0d872c57538AF5e071544a57"" target=""_blank"" >View on OS</a>",OpenSea,\xaebc3,\xcdc11
"2022-07-27 18:11:18",ArtBlocks,2.39,3671.4463,"<a href=""https://opensea.io/assets/0xa7d8d9ef8d8ce8992df33d8b8cf4aebabd5bd270/333000421/?ref=0x8F903cFC0Af3C2EC0d872c57538AF5e071544a57"" target=""_blank"" >View on OS</a>",OpenSea,\x42ad9,\x92757
"2022-07-27 18:11:06",ArtBlocks,2.00,3072.34,"<a href=""https://opensea.io/assets/0xa7d8d9ef8d8ce8992df33d8b8cf4aebabd5bd270/333000192/?ref=0x8F903cFC0Af3C2EC0d872c57538AF5e071544a57"" target=""_blank"" >View on OS</a>",OpenSea,\x59123,\xaa52c
"2022-07-27 18:09:18",ArtBlocks,2.29,3511.486,"<a href=""https://opensea.io/assets/0xa7d8d9ef8d8ce8992df33d8b8cf4aebabd5bd270/333000250/?ref=0x8F903cFC0Af3C2EC0d872c57538AF5e071544a57"" target=""_blank"" >View on OS</a>",OpenSea,\xfeaf4,\x77e65
"2022-07-27 18:00:51",ArtBlocks,2.50,3752.975,"<a href=""https://opensea.io/assets/0xa7d8d9ef8d8ce8992df33d8b8cf4aebabd5bd270/333000409/?ref=0x8F903cFC0Af3C2EC0d872c57538AF5e071544a57"" target=""_blank"" >View on OS</a>",OpenSea,\xdc922,\x3d9fe
"2022-07-27 18:00:26",ArtBlocks,2.00,3002.38,"<a href=""https://opensea.io/assets/0xa7d8d9ef8d8ce8992df33d8b8cf4aebabd5bd270/333000174/?ref=0x8F903cFC0Af3C2EC0d872c57538AF5e071544a57"" target=""_blank"" >View on OS</a>",OpenSea,\x8856d,\x69420
"2022-07-27 17:59:17",ArtBlocks,2.10,3152.499,"<a href=""https://opensea.io/assets/0xa7d8d9ef8d8ce8992df33d8b8cf4aebabd5bd270/333000278/?ref=0x8F903cFC0Af3C2EC0d872c57538AF5e071544a57"" target=""_blank"" >View on OS</a>",OpenSea,\x3a907,\xca6b7
"2022-07-27 17:57:52",ArtBlocks,2.39,3587.8441,"<a href=""https://opensea.io/assets/0xa7d8d9ef8d8ce8992df33d8b8cf4aebabd5bd270/333000014/?ref=0x8F903cFC0Af3C2EC0d872c57538AF5e071544a57"" target=""_blank"" >View on OS</a>",OpenSea,\xd75a5,\xca6b7
"2022-07-27 17:57:27",ArtBlocks,2.15,3227.5585,"<a href=""https://opensea.io/assets/0xa7d8d9ef8d8ce8992df33d8b8cf4aebabd5bd270/333000100/?ref=0x8F903cFC0Af3C2EC0d872c57538AF5e071544a57"" target=""_blank"" >View on OS</a>",OpenSea,\x4e623,\xe564d
"2022-07-27 17:56:51",ArtBlocks,2.29,3437.7251,"<a href=""https://opensea.io/assets/0xa7d8d9ef8d8ce8992df33d8b8cf4aebabd5bd270/333000483/?ref=0x8F903cFC0Af3C2EC0d872c57538AF5e071544a57"" target=""_blank"" >View on OS</a>",OpenSea,\x6ba49,\x19d41
"2022-07-27 17:56:40",ArtBlocks,2.20,3302.618,"<a href=""https://opensea.io/assets/0xa7d8d9ef8d8ce8992df33d8b8cf4aebabd5bd270/333000055/?ref=0x8F903cFC0Af3C2EC0d872c57538AF5e071544a57"" target=""_blank"" >View on OS</a>",OpenSea,\x8b501,\x8d692
"2022-07-27 17:55:45",ArtBlocks,4.65,6980.5335,"<a href=""https://opensea.io/assets/0xa7d8d9ef8d8ce8992df33d8b8cf4aebabd5bd270/333000023/?ref=0x8F903cFC0Af3C2EC0d872c57538AF5e071544a57"" target=""_blank"" >View on OS</a>",OpenSea,\x501fd,\x50e2f
"2022-07-27 17:53:46",ArtBlocks,2.14,3212.3502,"<a href=""https://opensea.io/assets/0xa7d8d9ef8d8ce8992df33d8b8cf4aebabd5bd270/333000274/?ref=0x8F903cFC0Af3C2EC0d872c57538AF5e071544a57"" target=""_blank"" >View on OS</a>",OpenSea,\xcd6de,\x55613
"2022-07-27 17:53:19",ArtBlocks,2.30,3454.14,"<a href=""https://opensea.io/assets/0xa7d8d9ef8d8ce8992df33d8b8cf4aebabd5bd270/333000270/?ref=0x8F903cFC0Af3C2EC0d872c57538AF5e071544a57"" target=""_blank"" >View on OS</a>",OpenSea,\x86854,\x463ff
"2022-07-27 17:52:03",ArtBlocks,2.20,3303.96,"<a href=""https://opensea.io/assets/0xa7d8d9ef8d8ce8992df33d8b8cf4aebabd5bd270/333000207/?ref=0x8F903cFC0Af3C2EC0d872c57538AF5e071544a57"" target=""_blank"" >View on OS</a>",OpenSea,\x48405,\x55613
"2022-07-27 17:51:19",ArtBlocks,2.45,3679.41,"<a href=""https://opensea.io/assets/0xa7d8d9ef8d8ce8992df33d8b8cf4aebabd5bd270/333000424/?ref=0x8F903cFC0Af3C2EC0d872c57538AF5e071544a57"" target=""_blank"" >View on OS</a>",OpenSea,\xfef7e,\xe74ca
"2022-07-27 17:51:19",ArtBlocks,4.69,7043.442,"<a href=""https://opensea.io/assets/0xa7d8d9ef8d8ce8992df33d8b8cf4aebabd5bd270/333000153/?ref=0x8F903cFC0Af3C2EC0d872c57538AF5e071544a57"" target=""_blank"" >View on OS</a>",OpenSea,\x36fa1,\xee1b3
"2022-07-27 17:50:07",ArtBlocks,2.20,3302.662,"<a href=""https://opensea.io/assets/0xa7d8d9ef8d8ce8992df33d8b8cf4aebabd5bd270/333000433/?ref=0x8F903cFC0Af3C2EC0d872c57538AF5e071544a57"" target=""_blank"" >View on OS</a>",OpenSea,\xc3f8e,\x10752
"2022-07-27 17:50:07",ArtBlocks,2.25,3377.7225,"<a href=""https://opensea.io/assets/0xa7d8d9ef8d8ce8992df33d8b8cf4aebabd5bd270/333000056/?ref=0x8F903cFC0Af3C2EC0d872c57538AF5e071544a57"" target=""_blank"" >View on OS</a>",OpenSea,\x1e74e,\x1e8e7
"2022-07-27 17:48:26",ArtBlocks,2.10,3152.541,"<a href=""https://opensea.io/assets/0xa7d8d9ef8d8ce8992df33d8b8cf4aebabd5bd270/333000314/?ref=0x8F903cFC0Af3C2EC0d872c57538AF5e071544a57"" target=""_blank"" >View on OS</a>",OpenSea,\x0fee6,\x6e723
"2022-07-27 17:48:08",ArtBlocks,2.45,3677.9645,"<a href=""https://opensea.io/assets/0xa7d8d9ef8d8ce8992df33d8b8cf4aebabd5bd270/333000282/?ref=0x8F903cFC0Af3C2EC0d872c57538AF5e071544a57"" target=""_blank"" >View on OS</a>",OpenSea,\xae802,\x30e5b
"2022-07-27 17:47:13",ArtBlocks,2.12,3182.5652,"<a href=""https://opensea.io/assets/0xa7d8d9ef8d8ce8992df33d8b8cf4aebabd5bd270/333000492/?ref=0x8F903cFC0Af3C2EC0d872c57538AF5e071544a57"" target=""_blank"" >View on OS</a>",OpenSea,\x412d9,\xd3e30
"2022-07-27 17:47:13",ArtBlocks,2.60,3903.146,"<a href=""https://opensea.io/assets/0xa7d8d9ef8d8ce8992df33d8b8cf4aebabd5bd270/333000169/?ref=0x8F903cFC0Af3C2EC0d872c57538AF5e071544a57"" target=""_blank"" >View on OS</a>",OpenSea,\xee956,\xfe05e
"2022-07-27 17:46:12",ArtBlocks,2.25,3377.7225,"<a href=""https://opensea.io/assets/0xa7d8d9ef8d8ce8992df33d8b8cf4aebabd5bd270/333000259/?ref=0x8F903cFC0Af3C2EC0d872c57538AF5e071544a57"" target=""_blank"" >View on OS</a>",OpenSea,\xb9da9,\xb8932
"2022-07-27 17:44:50",ArtBlocks,5.45,8178.2155,"<a href=""https://opensea.io/assets/0xa7d8d9ef8d8ce8992df33d8b8cf4aebabd5bd270/333000054/?ref=0x8F903cFC0Af3C2EC0d872c57538AF5e071544a57"" target=""_blank"" >View on OS</a>",OpenSea,\x9ad82,\xfd220
"2022-07-27 17:44:39",ArtBlocks,2.75,4126.6225,"<a href=""https://opensea.io/assets/0xa7d8d9ef8d8ce8992df33d8b8cf4aebabd5bd270/333000150/?ref=0x8F903cFC0Af3C2EC0d872c57538AF5e071544a57"" target=""_blank"" >View on OS</a>",OpenSea,\x2b538,\xcd32f
"2022-07-27 17:44:27",ArtBlocks,2.45,3676.4455,"<a href=""https://opensea.io/assets/0xa7d8d9ef8d8ce8992df33d8b8cf4aebabd5bd270/333000427/?ref=0x8F903cFC0Af3C2EC0d872c57538AF5e071544a57"" target=""_blank"" >View on OS</a>",OpenSea,\x37a21,\x5fd2c
"2022-07-27 17:43:45",ArtBlocks,4.65,6977.7435,"<a href=""https://opensea.io/assets/0xa7d8d9ef8d8ce8992df33d8b8cf4aebabd5bd270/333000269/?ref=0x8F903cFC0Af3C2EC0d872c57538AF5e071544a57"" target=""_blank"" >View on OS</a>",OpenSea,\x18163,\xfd220
"2022-07-27 17:41:48",ArtBlocks,2.30,3451.357,"<a href=""https://opensea.io/assets/0xa7d8d9ef8d8ce8992df33d8b8cf4aebabd5bd270/333000243/?ref=0x8F903cFC0Af3C2EC0d872c57538AF5e071544a57"" target=""_blank"" >View on OS</a>",OpenSea,\x8508c,\x7a8f3
"2022-07-27 17:41:48",ArtBlocks,2.34,3511.3806,"<a href=""https://opensea.io/assets/0xa7d8d9ef8d8ce8992df33d8b8cf4aebabd5bd270/333000441/?ref=0x8F903cFC0Af3C2EC0d872c57538AF5e071544a57"" target=""_blank"" >View on OS</a>",OpenSea,\xbfa49,\x5fd2c
"2022-07-27 17:41:48",ArtBlocks,2.44,3668.1022196,"<a href=""https://opensea.io/assets/0xa7d8d9ef8d8ce8992df33d8b8cf4aebabd5bd270/333000458/?ref=0x8F903cFC0Af3C2EC0d872c57538AF5e071544a57"" target=""_blank"" >View on OS</a>",OpenSea,\x392d6,\x9417a
"2022-07-27 17:41:48",ArtBlocks,2.70,4051.593,"<a href=""https://opensea.io/assets/0xa7d8d9ef8d8ce8992df33d8b8cf4aebabd5bd270/333000215/?ref=0x8F903cFC0Af3C2EC0d872c57538AF5e071544a57"" target=""_blank"" >View on OS</a>",OpenSea,\x34a23,\xfd220
"2022-07-27 17:40:21",ArtBlocks,2.77,4159.0442,"<a href=""https://opensea.io/assets/0xa7d8d9ef8d8ce8992df33d8b8cf4aebabd5bd270/333000053/?ref=0x8F903cFC0Af3C2EC0d872c57538AF5e071544a57"" target=""_blank"" >View on OS</a>",OpenSea,\xbc512,\xb06ee
"2022-07-27 17:39:54",ArtBlocks,2.38,3573.4748,"<a href=""https://opensea.io/assets/0xa7d8d9ef8d8ce8992df33d8b8cf4aebabd5bd270/333000443/?ref=0x8F903cFC0Af3C2EC0d872c57538AF5e071544a57"" target=""_blank"" >View on OS</a>",OpenSea,\xbfa49,\xf6ace
"2022-07-27 17:39:12",ArtBlocks,2.52,3783.6792,"<a href=""https://opensea.io/assets/0xa7d8d9ef8d8ce8992df33d8b8cf4aebabd5bd270/333000389/?ref=0x8F903cFC0Af3C2EC0d872c57538AF5e071544a57"" target=""_blank"" >View on OS</a>",OpenSea,\x94338,\xa5fd7
"2022-07-27 17:38:18",ArtBlocks,2.58,3873.7668,"<a href=""https://opensea.io/assets/0xa7d8d9ef8d8ce8992df33d8b8cf4aebabd5bd270/333000036/?ref=0x8F903cFC0Af3C2EC0d872c57538AF5e071544a57"" target=""_blank"" >View on OS</a>",OpenSea,\xad78c,\x43c27
"2022-07-27 17:37:51",ArtBlocks,3.00,4504.38,"<a href=""https://opensea.io/assets/0xa7d8d9ef8d8ce8992df33d8b8cf4aebabd5bd270/333000027/?ref=0x8F903cFC0Af3C2EC0d872c57538AF5e071544a57"" target=""_blank"" >View on OS</a>",OpenSea,\xc1b19,\x9f097
"2022-07-27 17:37:51",ArtBlocks,3.10,4654.526,"<a href=""https://opensea.io/assets/0xa7d8d9ef8d8ce8992df33d8b8cf4aebabd5bd270/333000449/?ref=0x8F903cFC0Af3C2EC0d872c57538AF5e071544a57"" target=""_blank"" >View on OS</a>",OpenSea,\x65b6b,\x7f37c
"2022-07-27 17:37:45",ArtBlocks,2.84,4264.1464,"<a href=""https://opensea.io/assets/0xa7d8d9ef8d8ce8992df33d8b8cf4aebabd5bd270/333000110/?ref=0x8F903cFC0Af3C2EC0d872c57538AF5e071544a57"" target=""_blank"" >View on OS</a>",OpenSea,\xb57ef,\xc3df7
"2022-07-27 17:36:56",ArtBlocks,2.69,4038.9274,"<a href=""https://opensea.io/assets/0xa7d8d9ef8d8ce8992df33d8b8cf4aebabd5bd270/333000442/?ref=0x8F903cFC0Af3C2EC0d872c57538AF5e071544a57"" target=""_blank"" >View on OS</a>",OpenSea,\xbfa49,\xa62de
"2022-07-27 17:36:56",ArtBlocks,3.03,4549.4238,"<a href=""https://opensea.io/assets/0xa7d8d9ef8d8ce8992df33d8b8cf4aebabd5bd270/333000333/?ref=0x8F903cFC0Af3C2EC0d872c57538AF5e071544a57"" target=""_blank"" >View on OS</a>",OpenSea,\x061d6,\x6c0cf
"2022-07-27 17:36:00",ArtBlocks,2.75,4129.015,"<a href=""https://opensea.io/assets/0xa7d8d9ef8d8ce8992df33d8b8cf4aebabd5bd270/333000348/?ref=0x8F903cFC0Af3C2EC0d872c57538AF5e071544a57"" target=""_blank"" >View on OS</a>",OpenSea,\xcc0f4,\xbff51
"2022-07-27 17:35:31",ArtBlocks,2.75,4125.11,"<a href=""https://opensea.io/assets/0xa7d8d9ef8d8ce8992df33d8b8cf4aebabd5bd270/333000362/?ref=0x8F903cFC0Af3C2EC0d872c57538AF5e071544a57"" target=""_blank"" >View on OS</a>",OpenSea,\xaec2b,\x6cd2f
"2022-07-27 17:35:31",ArtBlocks,2.79,4185.1116,"<a href=""https://opensea.io/assets/0xa7d8d9ef8d8ce8992df33d8b8cf4aebabd5bd270/333000298/?ref=0x8F903cFC0Af3C2EC0d872c57538AF5e071544a57"" target=""_blank"" >View on OS</a>",OpenSea,\xd347f,\x40ebf
"2022-07-27 17:35:05",ArtBlocks,4.00,6000.16,"<a href=""https://opensea.io/assets/0xa7d8d9ef8d8ce8992df33d8b8cf4aebabd5bd270/333000003/?ref=0x8F903cFC0Af3C2EC0d872c57538AF5e071544a57"" target=""_blank"" >View on OS</a>",OpenSea,\xc1b19,\x50e2f
"2022-07-27 17:34:32",ArtBlocks,2.78,4170.1112,"<a href=""https://opensea.io/assets/0xa7d8d9ef8d8ce8992df33d8b8cf4aebabd5bd270/333000452/?ref=0x8F903cFC0Af3C2EC0d872c57538AF5e071544a57"" target=""_blank"" >View on OS</a>",OpenSea,\x64ff2,\x5e176
"2022-07-27 17:34:32",ArtBlocks,2.80,4200.112,"<a href=""https://opensea.io/assets/0xa7d8d9ef8d8ce8992df33d8b8cf4aebabd5bd270/333000407/?ref=0x8F903cFC0Af3C2EC0d872c57538AF5e071544a57"" target=""_blank"" >View on OS</a>",OpenSea,\x2d778,\x15adc
"2022-07-27 17:34:32",ArtBlocks,2.85,4275.114,"<a href=""https://opensea.io/assets/0xa7d8d9ef8d8ce8992df33d8b8cf4aebabd5bd270/333000123/?ref=0x8F903cFC0Af3C2EC0d872c57538AF5e071544a57"" target=""_blank"" >View on OS</a>",OpenSea,\x574e1,\x74db2
"2022-07-27 17:34:32",ArtBlocks,2.90,4348.61596,"<a href=""https://opensea.io/assets/0xa7d8d9ef8d8ce8992df33d8b8cf4aebabd5bd270/333000415/?ref=0x8F903cFC0Af3C2EC0d872c57538AF5e071544a57"" target=""_blank"" >View on OS</a>",OpenSea,\xae35c,\xb00b1
"2022-07-27 17:34:32",ArtBlocks,4.00,6000.16,"<a href=""https://opensea.io/assets/0xa7d8d9ef8d8ce8992df33d8b8cf4aebabd5bd270/333000266/?ref=0x8F903cFC0Af3C2EC0d872c57538AF5e071544a57"" target=""_blank"" >View on OS</a>",OpenSea,\x8bcb4,\x27401
"2022-07-27 17:34:23",ArtBlocks,3.00,4500.12,"<a href=""https://opensea.io/assets/0xa7d8d9ef8d8ce8992df33d8b8cf4aebabd5bd270/333000057/?ref=0x8F903cFC0Af3C2EC0d872c57538AF5e071544a57"" target=""_blank"" >View on OS</a>",OpenSea,\xc1b19,\x94f37
"2022-07-27 17:34:15",ArtBlocks,3.00,4500.12,"<a href=""https://opensea.io/assets/0xa7d8d9ef8d8ce8992df33d8b8cf4aebabd5bd270/333000323/?ref=0x8F903cFC0Af3C2EC0d872c57538AF5e071544a57"" target=""_blank"" >View on OS</a>",OpenSea,\xb2066,\x83137
"2022-07-27 17:34:01",ArtBlocks,2.80,4200.112,"<a href=""https://opensea.io/assets/0xa7d8d9ef8d8ce8992df33d8b8cf4aebabd5bd270/333000041/?ref=0x8F903cFC0Af3C2EC0d872c57538AF5e071544a57"" target=""_blank"" >View on OS</a>",OpenSea,\xc1b19,\x6c0af
"2022-07-27 17:34:01",ArtBlocks,3.00,4500.12,"<a href=""https://opensea.io/assets/0xa7d8d9ef8d8ce8992df33d8b8cf4aebabd5bd270/333000007/?ref=0x8F903cFC0Af3C2EC0d872c57538AF5e071544a57"" target=""_blank"" >View on OS</a>",OpenSea,\xc1b19,\x5d89c
"2022-07-27 17:33:35",ArtBlocks,3.00,4500.12,"<a href=""https://opensea.io/assets/0xa7d8d9ef8d8ce8992df33d8b8cf4aebabd5bd270/333000065/?ref=0x8F903cFC0Af3C2EC0d872c57538AF5e071544a57"" target=""_blank"" >View on OS</a>",OpenSea,\xf2e9d,\x50e2f
"2022-07-27 17:33:07",ArtBlocks,2.75,4125.11,"<a href=""https://opensea.io/assets/0xa7d8d9ef8d8ce8992df33d8b8cf4aebabd5bd270/333000349/?ref=0x8F903cFC0Af3C2EC0d872c57538AF5e071544a57"" target=""_blank"" >View on OS</a>",OpenSea,\xf482d,\xc389d
"2022-07-27 17:33:05",ArtBlocks,2.85,4275.114,"<a href=""https://opensea.io/assets/0xa7d8d9ef8d8ce8992df33d8b8cf4aebabd5bd270/333000326/?ref=0x8F903cFC0Af3C2EC0d872c57538AF5e071544a57"" target=""_blank"" >View on OS</a>",OpenSea,\x6957d,\xc7c3b
"2022-07-27 17:32:49",ArtBlocks,2.90,4350.116,"<a href=""https://opensea.io/assets/0xa7d8d9ef8d8ce8992df33d8b8cf4aebabd5bd270/333000484/?ref=0x8F903cFC0Af3C2EC0d872c57538AF5e071544a57"" target=""_blank"" >View on OS</a>",OpenSea,\x75868,\x9bc91
"2022-07-27 17:32:46",ArtBlocks,3.50,5250.14,"<a href=""https://opensea.io/assets/0xa7d8d9ef8d8ce8992df33d8b8cf4aebabd5bd270/333000227/?ref=0x8F903cFC0Af3C2EC0d872c57538AF5e071544a57"" target=""_blank"" >View on OS</a>",OpenSea,\xe749e,\xb06ee
"2022-07-27 17:32:06",ArtBlocks,3.15,4725.126,"<a href=""https://opensea.io/assets/0xa7d8d9ef8d8ce8992df33d8b8cf4aebabd5bd270/333000487/?ref=0x8F903cFC0Af3C2EC0d872c57538AF5e071544a57"" target=""_blank"" >View on OS</a>",OpenSea,\xea8ad,\x94419
"2022-07-27 17:32:06",ArtBlocks,3.69,5535.1476,"<a href=""https://opensea.io/assets/0xa7d8d9ef8d8ce8992df33d8b8cf4aebabd5bd270/333000344/?ref=0x8F903cFC0Af3C2EC0d872c57538AF5e071544a57"" target=""_blank"" >View on OS</a>",OpenSea,\x1cc31,\x94990
"2022-07-27 17:32:02",ArtBlocks,2.97,4453.61876,"<a href=""https://opensea.io/assets/0xa7d8d9ef8d8ce8992df33d8b8cf4aebabd5bd270/333000114/?ref=0x8F903cFC0Af3C2EC0d872c57538AF5e071544a57"" target=""_blank"" >View on OS</a>",OpenSea,\xd75a5,\xc843b
"2022-07-27 17:32:02",ArtBlocks,3.00,4500.12,"<a href=""https://opensea.io/assets/0xa7d8d9ef8d8ce8992df33d8b8cf4aebabd5bd270/333000479/?ref=0x8F903cFC0Af3C2EC0d872c57538AF5e071544a57"" target=""_blank"" >View on OS</a>",OpenSea,\x2e900,\x40818
"2022-07-27 17:31:23",ArtBlocks,3.20,4800.128,"<a href=""https://opensea.io/assets/0xa7d8d9ef8d8ce8992df33d8b8cf4aebabd5bd270/333000463/?ref=0x8F903cFC0Af3C2EC0d872c57538AF5e071544a57"" target=""_blank"" >View on OS</a>",OpenSea,\x0658a,\xdfea5
"2022-07-27 17:31:10",ArtBlocks,2.95,4425.118,"<a href=""https://opensea.io/assets/0xa7d8d9ef8d8ce8992df33d8b8cf4aebabd5bd270/333000107/?ref=0x8F903cFC0Af3C2EC0d872c57538AF5e071544a57"" target=""_blank"" >View on OS</a>",OpenSea,\x0fee6,\xb9b42
"2022-07-27 17:31:10",ArtBlocks,7.00,10500.28,"<a href=""https://opensea.io/assets/0xa7d8d9ef8d8ce8992df33d8b8cf4aebabd5bd270/333000255/?ref=0x8F903cFC0Af3C2EC0d872c57538AF5e071544a57"" target=""_blank"" >View on OS</a>",OpenSea,\xf631b,\xa4ded
"2022-07-27 17:30:23",ArtBlocks,2.90,4350.116,"<a href=""https://opensea.io/assets/0xa7d8d9ef8d8ce8992df33d8b8cf4aebabd5bd270/333000059/?ref=0x8F903cFC0Af3C2EC0d872c57538AF5e071544a57"" target=""_blank"" >View on OS</a>",OpenSea,\x20cfa,\x8605d
"2022-07-27 17:30:23",ArtBlocks,2.99,4485.1196,"<a href=""https://opensea.io/assets/0xa7d8d9ef8d8ce8992df33d8b8cf4aebabd5bd270/333000104/?ref=0x8F903cFC0Af3C2EC0d872c57538AF5e071544a57"" target=""_blank"" >View on OS</a>",OpenSea,\xc5929,\xda3c3
"2022-07-27 17:30:23",ArtBlocks,3.00,4500.12,"<a href=""https://opensea.io/assets/0xa7d8d9ef8d8ce8992df33d8b8cf4aebabd5bd270/333000250/?ref=0x8F903cFC0Af3C2EC0d872c57538AF5e071544a57"" target=""_blank"" >View on OS</a>",OpenSea,\xb235b,\xfeaf4
"2022-07-27 17:30:23",ArtBlocks,3.20,4800.128,"<a href=""https://opensea.io/assets/0xa7d8d9ef8d8ce8992df33d8b8cf4aebabd5bd270/333000412/?ref=0x8F903cFC0Af3C2EC0d872c57538AF5e071544a57"" target=""_blank"" >View on OS</a>",OpenSea,\x1328a,\x02a5c
"2022-07-27 17:30:23",ArtBlocks,4.00,6000.16,"<a href=""https://opensea.io/assets/0xa7d8d9ef8d8ce8992df33d8b8cf4aebabd5bd270/333000202/?ref=0x8F903cFC0Af3C2EC0d872c57538AF5e071544a57"" target=""_blank"" >View on OS</a>",OpenSea,\x4b2e1,\xc55e4
"2022-07-27 17:30:16",ArtBlocks,4.00,6000.16,"<a href=""https://opensea.io/assets/0xa7d8d9ef8d8ce8992df33d8b8cf4aebabd5bd270/333000417/?ref=0x8F903cFC0Af3C2EC0d872c57538AF5e071544a57"" target=""_blank"" >View on OS</a>",OpenSea,\xd782f,\x8dbbc
"2022-07-27 17:30:02",ArtBlocks,2.95,4425.118,"<a href=""https://opensea.io/assets/0xa7d8d9ef8d8ce8992df33d8b8cf4aebabd5bd270/333000134/?ref=0x8F903cFC0Af3C2EC0d872c57538AF5e071544a57"" target=""_blank"" >View on OS</a>",OpenSea,\xb99ea,\x028f5
"2022-07-27 17:30:02",ArtBlocks,3.44,5160.1376,"<a href=""https://opensea.io/assets/0xa7d8d9ef8d8ce8992df33d8b8cf4aebabd5bd270/333000331/?ref=0x8F903cFC0Af3C2EC0d872c57538AF5e071544a57"" target=""_blank"" >View on OS</a>",OpenSea,\x7b8a6,\x92757
"2022-07-27 17:29:45",ArtBlocks,2.77,4127.8817,"<a href=""https://opensea.io/assets/0xa7d8d9ef8d8ce8992df33d8b8cf4aebabd5bd270/333000124/?ref=0x8F903cFC0Af3C2EC0d872c57538AF5e071544a57"" target=""_blank"" >View on OS</a>",OpenSea,\x766f2,\xe80ef
"2022-07-27 17:29:45",ArtBlocks,2.90,4321.609,"<a href=""https://opensea.io/assets/0xa7d8d9ef8d8ce8992df33d8b8cf4aebabd5bd270/333000403/?ref=0x8F903cFC0Af3C2EC0d872c57538AF5e071544a57"" target=""_blank"" >View on OS</a>",OpenSea,\x26f92,\x38542
"2022-07-27 17:29:42",ArtBlocks,3.10,4619.651,"<a href=""https://opensea.io/assets/0xa7d8d9ef8d8ce8992df33d8b8cf4aebabd5bd270/333000457/?ref=0x8F903cFC0Af3C2EC0d872c57538AF5e071544a57"" target=""_blank"" >View on OS</a>",OpenSea,\x61f81,\x3fce8
"2022-07-27 17:29:19",ArtBlocks,3.00,4470.63,"<a href=""https://opensea.io/assets/0xa7d8d9ef8d8ce8992df33d8b8cf4aebabd5bd270/333000039/?ref=0x8F903cFC0Af3C2EC0d872c57538AF5e071544a57"" target=""_blank"" >View on OS</a>",OpenSea,\x8b501,\x88647
"2022-07-27 17:29:04",ArtBlocks,2.95,4396.1195,"<a href=""https://opensea.io/assets/0xa7d8d9ef8d8ce8992df33d8b8cf4aebabd5bd270/333000133/?ref=0x8F903cFC0Af3C2EC0d872c57538AF5e071544a57"" target=""_blank"" >View on OS</a>",OpenSea,\xb99ea,\x566de
"2022-07-27 17:28:46",ArtBlocks,2.87,4276.9027,"<a href=""https://opensea.io/assets/0xa7d8d9ef8d8ce8992df33d8b8cf4aebabd5bd270/333000410/?ref=0x8F903cFC0Af3C2EC0d872c57538AF5e071544a57"" target=""_blank"" >View on OS</a>",OpenSea,\x31109,\xe7304
"2022-07-27 17:28:40",ArtBlocks,2.70,4023.567,"<a href=""https://opensea.io/assets/0xa7d8d9ef8d8ce8992df33d8b8cf4aebabd5bd270/333000448/?ref=0x8F903cFC0Af3C2EC0d872c57538AF5e071544a57"" target=""_blank"" >View on OS</a>",OpenSea,\x01734,\xd9bc1
"2022-07-27 17:28:40",ArtBlocks,2.85,4247.0985,"<a href=""https://opensea.io/assets/0xa7d8d9ef8d8ce8992df33d8b8cf4aebabd5bd270/333000413/?ref=0x8F903cFC0Af3C2EC0d872c57538AF5e071544a57"" target=""_blank"" >View on OS</a>",OpenSea,\xa5dc7,\x94419
"2022-07-27 17:28:18",ArtBlocks,2.83,4217.2943,"<a href=""https://opensea.io/assets/0xa7d8d9ef8d8ce8992df33d8b8cf4aebabd5bd270/333000336/?ref=0x8F903cFC0Af3C2EC0d872c57538AF5e071544a57"" target=""_blank"" >View on OS</a>",OpenSea,\xfe7ad,\xc0818
"2022-07-27 17:28:18",ArtBlocks,3.00,4470.63,"<a href=""https://opensea.io/assets/0xa7d8d9ef8d8ce8992df33d8b8cf4aebabd5bd270/333000054/?ref=0x8F903cFC0Af3C2EC0d872c57538AF5e071544a57"" target=""_blank"" >View on OS</a>",OpenSea,\x8b501,\x9ad82
"2022-07-27 17:28:10",ArtBlocks,3.00,4470.63,"<a href=""https://opensea.io/assets/0xa7d8d9ef8d8ce8992df33d8b8cf4aebabd5bd270/333000207/?ref=0x8F903cFC0Af3C2EC0d872c57538AF5e071544a57"" target=""_blank"" >View on OS</a>",OpenSea,\x52e14,\x48405
"2022-07-27 17:28:03",ArtBlocks,2.90,4321.609,"<a href=""https://opensea.io/assets/0xa7d8d9ef8d8ce8992df33d8b8cf4aebabd5bd270/333000171/?ref=0x8F903cFC0Af3C2EC0d872c57538AF5e071544a57"" target=""_blank"" >View on OS</a>",OpenSea,\xcbbea,\x815c2
"2022-07-27 17:27:13",ArtBlocks,2.85,4247.0985,"<a href=""https://opensea.io/assets/0xa7d8d9ef8d8ce8992df33d8b8cf4aebabd5bd270/333000425/?ref=0x8F903cFC0Af3C2EC0d872c57538AF5e071544a57"" target=""_blank"" >View on OS</a>",OpenSea,\xdef3d,\x3dac2
"2022-07-27 17:27:13",ArtBlocks,2.88,4291.8048,"<a href=""https://opensea.io/assets/0xa7d8d9ef8d8ce8992df33d8b8cf4aebabd5bd270/333000193/?ref=0x8F903cFC0Af3C2EC0d872c57538AF5e071544a57"" target=""_blank"" >View on OS</a>",OpenSea,\xe15cf,\xd25ed
"2022-07-27 17:27:13",ArtBlocks,2.90,4321.609,"<a href=""https://opensea.io/assets/0xa7d8d9ef8d8ce8992df33d8b8cf4aebabd5bd270/333000200/?ref=0x8F903cFC0Af3C2EC0d872c57538AF5e071544a57"" target=""_blank"" >View on OS</a>",OpenSea,\xdfc7d,\xb00b1
"2022-07-27 17:27:13",ArtBlocks,3.00,4470.62850979,"<a href=""https://opensea.io/assets/0xa7d8d9ef8d8ce8992df33d8b8cf4aebabd5bd270/333000072/?ref=0x8F903cFC0Af3C2EC0d872c57538AF5e071544a57"" target=""_blank"" >View on OS</a>",OpenSea,\xba300,\x23291
"2022-07-27 17:27:04",ArtBlocks,3.00,4470.63,"<a href=""https://opensea.io/assets/0xa7d8d9ef8d8ce8992df33d8b8cf4aebabd5bd270/333000262/?ref=0x8F903cFC0Af3C2EC0d872c57538AF5e071544a57"" target=""_blank"" >View on OS</a>",OpenSea,\x07646,\x4f85b
"2022-07-27 17:26:20",ArtBlocks,2.65,3949.0565,"<a href=""https://opensea.io/assets/0xa7d8d9ef8d8ce8992df33d8b8cf4aebabd5bd270/333000335/?ref=0x8F903cFC0Af3C2EC0d872c57538AF5e071544a57"" target=""_blank"" >View on OS</a>",OpenSea,\x39af7,\x0d2e9
"2022-07-27 17:26:20",ArtBlocks,2.65,3949.0565,"<a href=""https://opensea.io/assets/0xa7d8d9ef8d8ce8992df33d8b8cf4aebabd5bd270/333000411/?ref=0x8F903cFC0Af3C2EC0d872c57538AF5e071544a57"" target=""_blank"" >View on OS</a>",OpenSea,\xbb7c9,\xf6ace
"2022-07-27 17:26:20",ArtBlocks,2.80,4172.588,"<a href=""https://opensea.io/assets/0xa7d8d9ef8d8ce8992df33d8b8cf4aebabd5bd270/333000496/?ref=0x8F903cFC0Af3C2EC0d872c57538AF5e071544a57"" target=""_blank"" >View on OS</a>",OpenSea,\x50dee,\x296e0
"2022-07-27 17:25:53",ArtBlocks,2.70,4023.486,"<a href=""https://opensea.io/assets/0xa7d8d9ef8d8ce8992df33d8b8cf4aebabd5bd270/333000380/?ref=0x8F903cFC0Af3C2EC0d872c57538AF5e071544a57"" target=""_blank"" >View on OS</a>",OpenSea,\xc31e0,\xaec60
"2022-07-27 17:25:10",ArtBlocks,3.00,4470.54,"<a href=""https://opensea.io/assets/0xa7d8d9ef8d8ce8992df33d8b8cf4aebabd5bd270/333000337/?ref=0x8F903cFC0Af3C2EC0d872c57538AF5e071544a57"" target=""_blank"" >View on OS</a>",OpenSea,\x47f40,\xcd32f
